Workbook
Name ExternalData_1: 内線通話!$A$1:$BV$1525
Name ExternalData_10: 内線通話!$A$8411:$BV$9391
Name ExternalData_11: 内線通話!$A$1:$BS$1525
Name ExternalData_12: 内線通話!$A$1:$BP$982
Name ExternalData_13: 内線通話!$A$1:$BM$848
Name ExternalData_14: 内線通話!$A$1:$BJ$862
Name ExternalData_15: 内線通話!$A$1:$BG$1425
Name ExternalData_16: 内線通話!$A$1:$BD$1
Name ExternalData_17: 内線通話!$A$1:$BA$1479
Name ExternalData_18: 内線通話!$A$1:$AX$485
Name ExternalData_19: 内線通話!$A$1:$AU$940
Name ExternalData_2: 内線通話!$A$1526:$BV$2372
Name ExternalData_20: 内線通話!$A$1:$AR$853
Name ExternalData_21: 内線通話!$A$1:$AO$1525
Name ExternalData_22: 内線通話!$A$1:$AL$848
Name ExternalData_23: 内線通話!$A$1:$AI$862
Name ExternalData_24: 内線通話!$A$1:$AF$1425
Name ExternalData_25: 内線通話!$A$1:$AC$1
Name ExternalData_26: 内線通話!$A$1:$Z$1479
Name ExternalData_27: 内線通話!$A$1:$W$485
Name ExternalData_28: 内線通話!$A$1:$T$940
Name ExternalData_29: 内線通話!$A$1:$Q$853
Name ExternalData_3: 内線通話!$A$2373:$BV$3233
Name ExternalData_30: 内線通話!$A$1:$N$982
Name ExternalData_31: 内線通話!$A$1:$K$1676
Name ExternalData_4: 内線通話!$A$3234:$BV$4657
Name ExternalData_5: 内線通話!$A$4658
Name ExternalData_6: 内線通話!$A$4658:$BV$6135
Name ExternalData_7: 内線通話!$A$6136:$BV$6619
Name ExternalData_8: 内線通話!$A$6620:$BV$7558
Name ExternalData_9: 内線通話!$A$7559:$BV$8410

Sheet 内線通話
A1: 時刻 | B1: 発信番号 | C1: 発信者 | D1: 着信番号 | E1: 着信者 | F1: 最終着信番号 | G1: 最終着信者 | H1: 通話時間（応答までの時間を含む） 数値に変換！！ | I1: 通話時間 数値に変換！！ | J1: メモ | K1: リクエストID
A2: 45933.787 | B2: 1003 | C2: =IFERROR(VLOOKUP(B2,[1]電話端末!$A$2:$E$284,2,FALSE),"不在") -> 【本社経理】池上有花 | D2: 2027 | E2: =IFERROR(VLOOKUP(D2,[1]電話端末!$A$2:$E$284,2,FALSE),"不在") -> 【MF大阪】平山孝潤 | F2: 2027 | G2: =IFERROR(VLOOKUP(F2,[1]電話端末!$A$2:$D$284,2,FALSE),"不在") -> 【MF大阪】平山孝潤 | H2: 29 | I2: 25 | K2: 2.5100301e+19
A3: 45933.77 | B3: 3453 | C3: =IFERROR(VLOOKUP(B3,[1]電話端末!$A$2:$E$284,2,FALSE),"不在") -> 【大阪】川越良隆 | D3: 3502 | E3: =IFERROR(VLOOKUP(D3,[1]電話端末!$A$2:$E$284,2,FALSE),"不在") -> 【岡山】伊藤優 | F3: 3502 | G3: =IFERROR(VLOOKUP(F3,[1]電話端末!$A$2:$D$284,2,FALSE),"不在") -> 【岡山】伊藤優 | H3: 27 | I3: 25 | K3: 2.5100301e+19
A4: 45933.759 | B4: 2027 | C4: =IFERROR(VLOOKUP(B4,[1]電話端末!$A$2:$E$284,2,FALSE),"不在") -> 【MF大阪】平山孝潤 | D4: 3060 | E4: =IFERROR(VLOOKUP(D4,[1]電話端末!$A$2:$E$284,2,FALSE),"不在") -> 【本社社長】鈴木正則 | G4: =IFERROR(VLOOKUP(F4,[1]電話端末!$A$2:$D$284,2,FALSE),"不在") -> 不在 | H4: 18 | I4: 0 | K4: 2.5100301e+19
A5: 45933.74 | B5: 3008 | C5: =IFERROR(VLOOKUP(B5,[1]電話端末!$A$2:$E$284,2,FALSE),"不在") -> 【東京】片桐芳夫 | D5: 0906153 | E5: =IFERROR(VLOOKUP(D5,[1]電話端末!$A$2:$E$284,2,FALSE),"不在") -> 不在 | G5: =IFERROR(VLOOKUP(F5,[1]電話端末!$A$2:$D$284,2,FALSE),"不在") -> 不在 | H5: 0 | I5: 0 | K5: 2.5100301e+19
A6: 45933.739 | B6: 3550 | C6: =IFERROR(VLOOKUP(B6,[1]電話端末!$A$2:$E$284,2,FALSE),"不在") -> 【広島】藤原輝己 | D6: 3603 | E6: =IFERROR(VLOOKUP(D6,[1]電話端末!$A$2:$E$284,2,FALSE),"不在") -> 【福岡】重松宝成 | F6: 3603 | G6: =IFERROR(VLOOKUP(F6,[1]電話端末!$A$2:$D$284,2,FALSE),"不在") -> 【福岡】重松宝成 | H6: 81 | I6: 76 | K6: 2.5100301e+19
A7: 45933.738 | B7: 1123 | C7: =IFERROR(VLOOKUP(B7,[1]電話端末!$A$2:$E$284,2,FALSE),"不在") -> 【本社IT】梶ヶ谷知晃 | D7: 3007 | E7: =IFERROR(VLOOKUP(D7,[1]電話端末!$A$2:$E$284,2,FALSE),"不在") -> 【東京】浦野鉄平 | F7: 3000 | G7: =IFERROR(VLOOKUP(F7,[1]電話端末!$A$2:$D$284,2,FALSE),"不在") -> 【東京】西垣彩 | H7: 50 | I7: 34 | K7: 2.5100301e+19
A8: 45933.737 | B8: 3052 | C8: =IFERROR(VLOOKUP(B8,[1]電話端末!$A$2:$E$284,2,FALSE),"不在") -> 【本社購買】山口泰彦 | D8: 2023 | E8: =IFERROR(VLOOKUP(D8,[1]電話端末!$A$2:$E$284,2,FALSE),"不在") -> 【MF大阪】内田優美 | F8: 2023 | G8: =IFERROR(VLOOKUP(F8,[1]電話端末!$A$2:$D$284,2,FALSE),"不在") -> 【MF大阪】内田優美 | H8: 73 | I8: 68 | K8: 2.5100301e+19
A9: 45933.736 | B9: 3151 | C9: =IFERROR(VLOOKUP(B9,[1]電話端末!$A$2:$E$284,2,FALSE),"不在") -> 【埼玉】池田千恵子 | D9: 3650 | E9: =IFERROR(VLOOKUP(D9,[1]電話端末!$A$2:$E$284,2,FALSE),"不在") -> 【北関東】高井翔斗 | F9: 3650 | G9: =IFERROR(VLOOKUP(F9,[1]電話端末!$A$2:$D$284,2,FALSE),"不在") -> 【北関東】高井翔斗 | H9: 281 | I9: 275 | K9: 2.5100301e+19
A10: 45933.734 | B10: 3059 | C10: =IFERROR(VLOOKUP(B10,[1]電話端末!$A$2:$E$284,2,FALSE),"不在") -> 【本社在庫物流課】黒田靖広 | D10: 3352 | E10: =IFERROR(VLOOKUP(D10,[1]電話端末!$A$2:$E$284,2,FALSE),"不在") -> 【名古屋】大渕温子 | F10: 3352 | G10: =IFERROR(VLOOKUP(F10,[1]電話端末!$A$2:$D$284,2,FALSE),"不在") -> 【名古屋】大渕温子 | H10: 109 | I10: 107 | K10: 2.5100301e+19
A11: 45933.731 | B11: 1003 | C11: =IFERROR(VLOOKUP(B11,[1]電話端末!$A$2:$E$284,2,FALSE),"不在") -> 【本社経理】池上有花 | D11: 1134 | E11: =IFERROR(VLOOKUP(D11,[1]電話端末!$A$2:$E$284,2,FALSE),"不在") -> 【本社EC】大城明日香 | F11: 1134 | G11: =IFERROR(VLOOKUP(F11,[1]電話端末!$A$2:$D$284,2,FALSE),"不在") -> 【本社EC】大城明日香 | H11: 166 | I11: 161 | K11: 2.5100301e+19
A12: 45933.73 | B12: 3102 | C12: =IFERROR(VLOOKUP(B12,[1]電話端末!$A$2:$E$284,2,FALSE),"不在") -> 【横浜】吉田玲 | D12: 5000 | E12: =IFERROR(VLOOKUP(D12,[1]電話端末!$A$2:$E$284,2,FALSE),"不在") -> 【千葉】着信グループ | F12: 3304 | G12: =IFERROR(VLOOKUP(F12,[1]電話端末!$A$2:$D$284,2,FALSE),"不在") -> 【千葉】遠藤和行 | H12: 46 | I12: 43 | K12: 2.5100301e+19
A13: 45933.729 | B13: 1134 | C13: =IFERROR(VLOOKUP(B13,[1]電話端末!$A$2:$E$284,2,FALSE),"不在") -> 【本社EC】大城明日香 | D13: 1155 | E13: =IFERROR(VLOOKUP(D13,[1]電話端末!$A$2:$E$284,2,FALSE),"不在") -> 【本社経理】池上有花 | F13: 1003 | G13: =IFERROR(VLOOKUP(F13,[1]電話端末!$A$2:$D$284,2,FALSE),"不在") -> 【本社経理】池上有花 | H13: 43 | I13: 40 | K13: 2.5100301e+19
A14: 45933.729 | B14: 3650 | C14: =IFERROR(VLOOKUP(B14,[1]電話端末!$A$2:$E$284,2,FALSE),"不在") -> 【北関東】高井翔斗 | D14: 3152 | E14: =IFERROR(VLOOKUP(D14,[1]電話端末!$A$2:$E$284,2,FALSE),"不在") -> 【埼玉】細田昌子 | F14: 3152 | G14: =IFERROR(VLOOKUP(F14,[1]電話端末!$A$2:$D$284,2,FALSE),"不在") -> 【埼玉】細田昌子 | H14: 88 | I14: 86 | K14: 2.5100301e+19
A15: 45933.729 | B15: 3551 | C15: =IFERROR(VLOOKUP(B15,[1]電話端末!$A$2:$E$284,2,FALSE),"不在") -> 【広島】小先純平 | D15: 3603 | E15: =IFERROR(VLOOKUP(D15,[1]電話端末!$A$2:$E$284,2,FALSE),"不在") -> 【福岡】重松宝成 | F15: 3603 | G15: =IFERROR(VLOOKUP(F15,[1]電話端末!$A$2:$D$284,2,FALSE),"不在") -> 【福岡】重松宝成 | H15: 26 | I15: 22 | K15: 2.5100301e+19
A16: 45933.725 | B16: 3551 | C16: =IFERROR(VLOOKUP(B16,[1]電話端末!$A$2:$E$284,2,FALSE),"不在") -> 【広島】小先純平 | D16: 3603 | E16: =IFERROR(VLOOKUP(D16,[1]電話端末!$A$2:$E$284,2,FALSE),"不在") -> 【福岡】重松宝成 | F16: 3603 | G16: =IFERROR(VLOOKUP(F16,[1]電話端末!$A$2:$D$284,2,FALSE),"不在") -> 【福岡】重松宝成 | H16: 69 | I16: 64 | K16: 2.5100301e+19
A17: 45933.723 | B17: 3350 | C17: =IFERROR(VLOOKUP(B17,[1]電話端末!$A$2:$E$284,2,FALSE),"不在") -> 【名古屋】稲垣みちる | D17: 3352 | E17: =IFERROR(VLOOKUP(D17,[1]電話端末!$A$2:$E$284,2,FALSE),"不在") -> 【名古屋】大渕温子 | F17: 3352 | G17: =IFERROR(VLOOKUP(F17,[1]電話端末!$A$2:$D$284,2,FALSE),"不在") -> 【名古屋】大渕温子 | H17: 30 | I17: 29 | K17: 2.5100301e+19
... A26: 45933.713 | B26: 3600 | C26: =IFERROR(VLOOKUP(B26,[1]電話端末!$A$2:$E$284,2,FALSE),"不在") -> 【福岡】松尾明日香 | D26: 3604 | E26: =IFERROR(VLOOKUP(D26,[1]電話端末!$A$2:$E$284,2,FALSE),"不在") -> 【福岡】奥薗美和 | F26: 3604 | G26: =IFERROR(VLOOKUP(F26,[1]電話端末!$A$2:$D$284,2,FALSE),"不在") -> 【福岡】奥薗美和 | H26: 40 | I26: 39 | K26: 2.5100301e+19
A27: 45933.711 | B27: 3508 | C27: =IFERROR(VLOOKUP(B27,[1]電話端末!$A$2:$E$284,2,FALSE),"不在") -> 【岡山】岸本麻衣子 | D27: 5271 | E27: =IFERROR(VLOOKUP(D27,[1]電話端末!$A$2:$E$284,2,FALSE),"不在") -> 不在 | G27: =IFERROR(VLOOKUP(F27,[1]電話端末!$A$2:$D$284,2,FALSE),"不在") -> 不在 | H27: 0 | I27: 0 | K27: 2.5100301e+19
A28: 45933.71 | B28: 3602 | C28: =IFERROR(VLOOKUP(B28,[1]電話端末!$A$2:$E$284,2,FALSE),"不在") -> 【福岡】山崎芹奈 | D28: 3604 | E28: =IFERROR(VLOOKUP(D28,[1]電話端末!$A$2:$E$284,2,FALSE),"不在") -> 【福岡】奥薗美和 | F28: 3604 | G28: =IFERROR(VLOOKUP(F28,[1]電話端末!$A$2:$D$284,2,FALSE),"不在") -> 【福岡】奥薗美和 | H28: 49 | I28: 47 | K28: 2.5100301e+19
A29: 45933.708 | B29: 3604 | C29: =IFERROR(VLOOKUP(B29,[1]電話端末!$A$2:$E$284,2,FALSE),"不在") -> 【福岡】奥薗美和 | D29: 3600 | E29: =IFERROR(VLOOKUP(D29,[1]電話端末!$A$2:$E$284,2,FALSE),"不在") -> 【福岡】松尾明日香 | F29: 3600 | G29: =IFERROR(VLOOKUP(F29,[1]電話端末!$A$2:$D$284,2,FALSE),"不在") -> 【福岡】松尾明日香 | H29: 77 | I29: 76 | K29: 2.5100301e+19
A30: 45933.708 | B30: 3352 | C30: =IFERROR(VLOOKUP(B30,[1]電話端末!$A$2:$E$284,2,FALSE),"不在") -> 【名古屋】大渕温子 | D30: 3350 | E30: =IFERROR(VLOOKUP(D30,[1]電話端末!$A$2:$E$284,2,FALSE),"不在") -> 【名古屋】稲垣みちる | F30: 3350 | G30: =IFERROR(VLOOKUP(F30,[1]電話端末!$A$2:$D$284,2,FALSE),"不在") -> 【名古屋】稲垣みちる | H30: 25 | I30: 24 | K30: 2.5100301e+19
A31: 45933.708 | B31: 3008 | C31: =IFERROR(VLOOKUP(B31,[1]電話端末!$A$2:$E$284,2,FALSE),"不在") -> 【東京】片桐芳夫 | D31: 3103 | E31: =IFERROR(VLOOKUP(D31,[1]電話端末!$A$2:$E$284,2,FALSE),"不在") -> 【横浜】舞智江 | F31: 3103 | G31: =IFERROR(VLOOKUP(F31,[1]電話端末!$A$2:$D$284,2,FALSE),"不在") -> 【横浜】舞智江 | H31: 20 | I31: 18 | K31: 2.5100301e+19
A32: 45933.701 | B32: 3600 | C32: =IFERROR(VLOOKUP(B32,[1]電話端末!$A$2:$E$284,2,FALSE),"不在") -> 【福岡】松尾明日香 | D32: 3601 | E32: =IFERROR(VLOOKUP(D32,[1]電話端末!$A$2:$E$284,2,FALSE),"不在") -> 【福岡】松添愛 | F32: 3601 | G32: =IFERROR(VLOOKUP(F32,[1]電話端末!$A$2:$D$284,2,FALSE),"不在") -> 【福岡】松添愛 | H32: 43 | I32: 40 | K32: 2.5100301e+19
A33: 45933.7 | B33: 3000 | C33: =IFERROR(VLOOKUP(B33,[1]電話端末!$A$2:$E$284,2,FALSE),"不在") -> 【東京】西垣彩 | D33: 3300 | E33: =IFERROR(VLOOKUP(D33,[1]電話端末!$A$2:$E$284,2,FALSE),"不在") -> 【千葉】小島佳菜 | G33: =IFERROR(VLOOKUP(F33,[1]電話端末!$A$2:$D$284,2,FALSE),"不在") -> 不在 | H33: 15 | I33: 0 | K33: 2.5100301e+19
A34: 45933.698 | B34: 3000 | C34: =IFERROR(VLOOKUP(B34,[1]電話端末!$A$2:$E$284,2,FALSE),"不在") -> 【東京】西垣彩 | D34: 5000 | E34: =IFERROR(VLOOKUP(D34,[1]電話端末!$A$2:$E$284,2,FALSE),"不在") -> 【千葉】着信グループ | F34: 3152 | G34: =IFERROR(VLOOKUP(F34,[1]電話端末!$A$2:$D$284,2,FALSE),"不在") -> 【埼玉】細田昌子 | H34: 22 | I34: 14 | K34: 2.5100301e+19
A35: 45933.698 | B35: 3000 | C35: =IFERROR(VLOOKUP(B35,[1]電話端末!$A$2:$E$284,2,FALSE),"不在") -> 【東京】西垣彩 | D35: 3300 | E35: =IFERROR(VLOOKUP(D35,[1]電話端末!$A$2:$E$284,2,FALSE),"不在") -> 【千葉】小島佳菜 | G35: =IFERROR(VLOOKUP(F35,[1]電話端末!$A$2:$D$284,2,FALSE),"不在") -> 不在 | H35: 15 | I35: 0 | K35: 2.5100301e+19
A36: 45933.697 | B36: 3751 | C36: =IFERROR(VLOOKUP(B36,[1]電話端末!$A$2:$E$284,2,FALSE),"不在") -> 【流山】鴻池千紗都 | D36: 1010 | E36: =IFERROR(VLOOKUP(D36,[1]電話端末!$A$2:$E$284,2,FALSE),"不在") -> 【流山】浅沼潤也 | G36: =IFERROR(VLOOKUP(F36,[1]電話端末!$A$2:$D$284,2,FALSE),"不在") -> 不在 | H36: 32 | I36: 0 | K36: 2.5100301e+19
A37: 45933.697 | B37: 3600 | C37: =IFERROR(VLOOKUP(B37,[1]電話端末!$A$2:$E$284,2,FALSE),"不在") -> 【福岡】松尾明日香 | D37: 3602 | E37: =IFERROR(VLOOKUP(D37,[1]電話端末!$A$2:$E$284,2,FALSE),"不在") -> 【福岡】山崎芹奈 | F37: 3602 | G37: =IFERROR(VLOOKUP(F37,[1]電話端末!$A$2:$D$284,2,FALSE),"不在") -> 【福岡】山崎芹奈 | H37: 43 | I37: 39 | K37: 2.5100301e+19
A38: 45933.694 | B38: 1010 | C38: =IFERROR(VLOOKUP(B38,[1]電話端末!$A$2:$E$284,2,FALSE),"不在") -> 【流山】浅沼潤也 | D38: 3751 | E38: =IFERROR(VLOOKUP(D38,[1]電話端末!$A$2:$E$284,2,FALSE),"不在") -> 【流山】鴻池千紗都 | F38: 3751 | G38: =IFERROR(VLOOKUP(F38,[1]電話端末!$A$2:$D$284,2,FALSE),"不在") -> 【流山】鴻池千紗都 | H38: 54 | I38: 52 | K38: 2.5100301e+19
A39: 45933.694 | B39: 3600 | C39: =IFERROR(VLOOKUP(B39,[1]電話端末!$A$2:$E$284,2,FALSE),"不在") -> 【福岡】松尾明日香 | D39: 1155 | E39: =IFERROR(VLOOKUP(D39,[1]電話端末!$A$2:$E$284,2,FALSE),"不在") -> 【本社経理】池上有花 | F39: 1003 | G39: =IFERROR(VLOOKUP(F39,[1]電話端末!$A$2:$D$284,2,FALSE),"不在") -> 【本社経理】池上有花 | H39: 23 | I39: 20 | K39: 2.5100301e+19
A40: 45933.693 | B40: 3600 | C40: =IFERROR(VLOOKUP(B40,[1]電話端末!$A$2:$E$284,2,FALSE),"不在") -> 【福岡】松尾明日香 | D40: 1155 | E40: =IFERROR(VLOOKUP(D40,[1]電話端末!$A$2:$E$284,2,FALSE),"不在") -> 【本社経理】池上有花 | F40: 1003 | G40: =IFERROR(VLOOKUP(F40,[1]電話端末!$A$2:$D$284,2,FALSE),"不在") -> 【本社経理】池上有花 | H40: 22 | I40: 19 | K40: 2.5100301e+19
A41: 45933.692 | B41: 2004 | C41: =IFERROR(VLOOKUP(B41,[1]電話端末!$A$2:$E$284,2,FALSE),"不在") -> 【MF大阪】西村浩和 | D41: 1141 | E41: =IFERROR(VLOOKUP(D41,[1]電話端末!$A$2:$E$284,2,FALSE),"不在") -> 【本社輸入】細川靖司 | F41: 1141 | G41: =IFERROR(VLOOKUP(F41,[1]電話端末!$A$2:$D$284,2,FALSE),"不在") -> 【本社輸入】細川靖司 | H41: 506 | I41: 498 | K41: 2.5100301e+19
A42: 45933.691 | B42: 1010 | C42: =IFERROR(VLOOKUP(B42,[1]電話端末!$A$2:$E$284,2,FALSE),"不在") -> 【流山】浅沼潤也 | D42: 3751 | E42: =IFERROR(VLOOKUP(D42,[1]電話端末!$A$2:$E$284,2,FALSE),"不在") -> 【流山】鴻池千紗都 | G42: =IFERROR(VLOOKUP(F42,[1]電話端末!$A$2:$D$284,2,FALSE),"不在") -> 不在 | H42: 0 | I42: 0 | K42: 2.5100301e+19
A43: 45933.691 | B43: 3508 | C43: =IFERROR(VLOOKUP(B43,[1]電話端末!$A$2:$E$284,2,FALSE),"不在") -> 【岡山】岸本麻衣子 | D43: 05423 | E43: =IFERROR(VLOOKUP(D43,[1]電話端末!$A$2:$E$284,2,FALSE),"不在") -> 不在 | G43: =IFERROR(VLOOKUP(F43,[1]電話端末!$A$2:$D$284,2,FALSE),"不在") -> 不在 | H43: 0 | I43: 0 | K43: 2.5100301e+19
A44: 45933.691 | B44: 3751 | C44: =IFERROR(VLOOKUP(B44,[1]電話端末!$A$2:$E$284,2,FALSE),"不在") -> 【流山】鴻池千紗都 | D44: 5001 | E44: =IFERROR(VLOOKUP(D44,[1]電話端末!$A$2:$E$284,2,FALSE),"不在") -> 【東京】着信グループ | F44: 3001 | G44: =IFERROR(VLOOKUP(F44,[1]電話端末!$A$2:$D$284,2,FALSE),"不在") -> 【東京】高澤早紀 | H44: 48 | I44: 46 | K44: 2.5100301e+19
A45: 45933.69 | B45: 3111 | C45: =IFERROR(VLOOKUP(B45,[1]電話端末!$A$2:$E$284,2,FALSE),"不在") -> 【横浜】横内敦 | D45: 3054 | E45: =IFERROR(VLOOKUP(D45,[1]電話端末!$A$2:$E$284,2,FALSE),"不在") -> 【本社総務】吉田亜依 | F45: 3054 | G45: =IFERROR(VLOOKUP(F45,[1]電話端末!$A$2:$D$284,2,FALSE),"不在") -> 【本社総務】吉田亜依 | H45: 72 | I45: 68 | K45: 2.5100301e+19
A46: 45933.688 | B46: 3502 | C46: =IFERROR(VLOOKUP(B46,[1]電話端末!$A$2:$E$284,2,FALSE),"不在") -> 【岡山】伊藤優 | D46: 3151 | E46: =IFERROR(VLOOKUP(D46,[1]電話端末!$A$2:$E$284,2,FALSE),"不在") -> 【埼玉】池田千恵子 | F46: 3151 | G46: =IFERROR(VLOOKUP(F46,[1]電話端末!$A$2:$D$284,2,FALSE),"不在") -> 【埼玉】池田千恵子 | H46: 50 | I46: 48 | K46: 2.5100301e+19
A47: 45933.687 | B47: 3603 | C47: =IFERROR(VLOOKUP(B47,[1]電話端末!$A$2:$E$284,2,FALSE),"不在") -> 【福岡】重松宝成 | D47: 3600 | E47: =IFERROR(VLOOKUP(D47,[1]電話端末!$A$2:$E$284,2,FALSE),"不在") -> 【福岡】松尾明日香 | F47: 3600 | G47: =IFERROR(VLOOKUP(F47,[1]電話端末!$A$2:$D$284,2,FALSE),"不在") -> 【福岡】松尾明日香 | H47: 78 | I47: 77 | K47: 2.5100301e+19
A48: 45933.685 | B48: 3002 | C48: =IFERROR(VLOOKUP(B48,[1]電話端末!$A$2:$E$284,2,FALSE),"不在") -> 【東京】佐々木美咲 | D48: 3902 | E48: =IFERROR(VLOOKUP(D48,[1]電話端末!$A$2:$E$284,2,FALSE),"不在") -> 【多摩】高久啓汰 | G48: =IFERROR(VLOOKUP(F48,[1]電話端末!$A$2:$D$284,2,FALSE),"不在") -> 不在 | H48: 6 | I48: 0 | K48: 2.5100301e+19
A49: 45933.684 | B49: 3003 | C49: =IFERROR(VLOOKUP(B49,[1]電話端末!$A$2:$E$284,2,FALSE),"不在") -> 【東京】林まど佳 | D49: 3154 | E49: =IFERROR(VLOOKUP(D49,[1]電話端末!$A$2:$E$284,2,FALSE),"不在") -> 【埼玉】竹内梓 | G49: =IFERROR(VLOOKUP(F49,[1]電話端末!$A$2:$D$284,2,FALSE),"不在") -> 不在 | H49: 23 | I49: 0 | K49: 2.5100301e+19
A50: 45933.684 | B50: 3502 | C50: =IFERROR(VLOOKUP(B50,[1]電話端末!$A$2:$E$284,2,FALSE),"不在") -> 【岡山】伊藤優 | D50: 3151 | E50: =IFERROR(VLOOKUP(D50,[1]電話端末!$A$2:$E$284,2,FALSE),"不在") -> 【埼玉】池田千恵子 | G50: =IFERROR(VLOOKUP(F50,[1]電話端末!$A$2:$D$284,2,FALSE),"不在") -> 不在 | H50: 0 | I50: 0 | K50: 2.5100301e+19
A51: 45933.684 | B51: 3002 | C51: =IFERROR(VLOOKUP(B51,[1]電話端末!$A$2:$E$284,2,FALSE),"不在") -> 【東京】佐々木美咲 | D51: 5280 | E51: =IFERROR(VLOOKUP(D51,[1]電話端末!$A$2:$E$284,2,FALSE),"不在") -> 【横浜】着信グループ | F51: 3102 | G51: =IFERROR(VLOOKUP(F51,[1]電話端末!$A$2:$D$284,2,FALSE),"不在") -> 【横浜】吉田玲 | H51: 38 | I51: 35 | K51: 2.5100301e+19
A52: 45933.682 | B52: 3602 | C52: =IFERROR(VLOOKUP(B52,[1]電話端末!$A$2:$E$284,2,FALSE),"不在") -> 【福岡】山崎芹奈 | D52: 3603 | E52: =IFERROR(VLOOKUP(D52,[1]電話端末!$A$2:$E$284,2,FALSE),"不在") -> 【福岡】重松宝成 | F52: 3603 | G52: =IFERROR(VLOOKUP(F52,[1]電話端末!$A$2:$D$284,2,FALSE),"不在") -> 【福岡】重松宝成 | H52: 22 | I52: 17 | K52: 2.5100301e+19
A53: 45933.682 | B53: 3059 | C53: =IFERROR(VLOOKUP(B53,[1]電話端末!$A$2:$E$284,2,FALSE),"不在") -> 【本社在庫物流課】黒田靖広 | D53: 2026 | E53: =IFERROR(VLOOKUP(D53,[1]電話端末!$A$2:$E$284,2,FALSE),"不在") -> 【MF大阪】松尾セリ菜 | F53: 2026 | G53: =IFERROR(VLOOKUP(F53,[1]電話端末!$A$2:$D$284,2,FALSE),"不在") -> 【MF大阪】松尾セリ菜 | H53: 81 | I53: 78 | K53: 2.5100301e+19
A54: 45933.681 | B54: 1141 | C54: =IFERROR(VLOOKUP(B54,[1]電話端末!$A$2:$E$284,2,FALSE),"不在") -> 【本社輸入】細川靖司 | D54: 3000 | E54: =IFERROR(VLOOKUP(D54,[1]電話端末!$A$2:$E$284,2,FALSE),"不在") -> 【東京】西垣彩 | F54: 3000 | G54: =IFERROR(VLOOKUP(F54,[1]電話端末!$A$2:$D$284,2,FALSE),"不在") -> 【東京】西垣彩 | H54: 157 | I54: 155 | K54: 2.5100301e+19
A55: 45933.68 | B55: 3602 | C55: =IFERROR(VLOOKUP(B55,[1]電話端末!$A$2:$E$284,2,FALSE),"不在") -> 【福岡】山崎芹奈 | D55: 3600 | E55: =IFERROR(VLOOKUP(D55,[1]電話端末!$A$2:$E$284,2,FALSE),"不在") -> 【福岡】松尾明日香 | F55: 3600 | G55: =IFERROR(VLOOKUP(F55,[1]電話端末!$A$2:$D$284,2,FALSE),"不在") -> 【福岡】松尾明日香 | H55: 60 | I55: 59 | K55: 2.5100301e+19
A56: 45933.68 | B56: 3350 | C56: =IFERROR(VLOOKUP(B56,[1]電話端末!$A$2:$E$284,2,FALSE),"不在") -> 【名古屋】稲垣みちる | D56: 2012 | E56: =IFERROR(VLOOKUP(D56,[1]電話端末!$A$2:$E$284,2,FALSE),"不在") -> 【MF大阪】渡邉莉乃 | F56: 2012 | G56: =IFERROR(VLOOKUP(F56,[1]電話端末!$A$2:$D$284,2,FALSE),"不在") -> 【MF大阪】渡邉莉乃 | H56: 111 | I56: 106 | K56: 2.5100301e+19
A57: 45933.68 | B57: 1050 | C57: =IFERROR(VLOOKUP(B57,[1]電話端末!$A$2:$E$284,2,FALSE),"不在") -> 【本社】受付用電話機 | D57: 5050 | E57: =IFERROR(VLOOKUP(D57,[1]電話端末!$A$2:$E$284,2,FALSE),"不在") -> 【本社】受付電話機 | F57: 3054 | G57: =IFERROR(VLOOKUP(F57,[1]電話端末!$A$2:$D$284,2,FALSE),"不在") -> 【本社総務】吉田亜依 | H57: 45 | I57: 42 | K57: 2.5100301e+19
A58: 45933.68 | B58: 3603 | C58: =IFERROR(VLOOKUP(B58,[1]電話端末!$A$2:$E$284,2,FALSE),"不在") -> 【福岡】重松宝成 | D58: 3551 | E58: =IFERROR(VLOOKUP(D58,[1]電話端末!$A$2:$E$284,2,FALSE),"不在") -> 【広島】小先純平 | F58: 3551 | G58: =IFERROR(VLOOKUP(F58,[1]電話端末!$A$2:$D$284,2,FALSE),"不在") -> 【広島】小先純平 | H58: 31 | I58: 28 | K58: 2.5100301e+19
A59: 45933.679 | B59: 3152 | C59: =IFERROR(VLOOKUP(B59,[1]電話端末!$A$2:$E$284,2,FALSE),"不在") -> 【埼玉】細田昌子 | D59: 3007 | E59: =IFERROR(VLOOKUP(D59,[1]電話端末!$A$2:$E$284,2,FALSE),"不在") -> 【東京】浦野鉄平 | F59: 3007 | G59: =IFERROR(VLOOKUP(F59,[1]電話端末!$A$2:$D$284,2,FALSE),"不在") -> 【東京】浦野鉄平 | H59: 49 | I59: 47 | K59: 2.51003e+19
A60: 45933.678 | B60: 2025 | C60: =IFERROR(VLOOKUP(B60,[1]電話端末!$A$2:$E$284,2,FALSE),"不在") -> 【MF大阪】後垣幸恵 | D60: 1123 | E60: =IFERROR(VLOOKUP(D60,[1]電話端末!$A$2:$E$284,2,FALSE),"不在") -> 【本社IT】梶ヶ谷知晃 | F60: 1123 | G60: =IFERROR(VLOOKUP(F60,[1]電話端末!$A$2:$D$284,2,FALSE),"不在") -> 【本社IT】梶ヶ谷知晃 | H60: 278 | I60: 276 | K60: 2.51003e+19
A61: 45933.677 | B61: 1123 | C61: =IFERROR(VLOOKUP(B61,[1]電話端末!$A$2:$E$284,2,FALSE),"不在") -> 【本社IT】梶ヶ谷知晃 | D61: 2025 | E61: =IFERROR(VLOOKUP(D61,[1]電話端末!$A$2:$E$284,2,FALSE),"不在") -> 【MF大阪】後垣幸恵 | G61: =IFERROR(VLOOKUP(F61,[1]電話端末!$A$2:$D$284,2,FALSE),"不在") -> 不在 | H61: 13 | I61: 0 | K61: 2.51003e+19
A62: 45933.677 | B62: 3551 | C62: =IFERROR(VLOOKUP(B62,[1]電話端末!$A$2:$E$284,2,FALSE),"不在") -> 【広島】小先純平 | D62: 3603 | E62: =IFERROR(VLOOKUP(D62,[1]電話端末!$A$2:$E$284,2,FALSE),"不在") -> 【福岡】重松宝成 | F62: 3603 | G62: =IFERROR(VLOOKUP(F62,[1]電話端末!$A$2:$D$284,2,FALSE),"不在") -> 【福岡】重松宝成 | H62: 149 | I62: 145 | K62: 2.51003e+19
A63: 45933.676 | B63: 3551 | C63: =IFERROR(VLOOKUP(B63,[1]電話端末!$A$2:$E$284,2,FALSE),"不在") -> 【広島】小先純平 | D63: 3603 | E63: =IFERROR(VLOOKUP(D63,[1]電話端末!$A$2:$E$284,2,FALSE),"不在") -> 【福岡】重松宝成 | G63: =IFERROR(VLOOKUP(F63,[1]電話端末!$A$2:$D$284,2,FALSE),"不在") -> 不在 | H63: 1 | I63: 0 | K63: 2.51003e+19
A64: 45933.676 | B64: 3007 | C64: =IFERROR(VLOOKUP(B64,[1]電話端末!$A$2:$E$284,2,FALSE),"不在") -> 【東京】浦野鉄平 | D64: 5004 | E64: =IFERROR(VLOOKUP(D64,[1]電話端末!$A$2:$E$284,2,FALSE),"不在") -> 【埼玉】着信グループ | F64: 3152 | G64: =IFERROR(VLOOKUP(F64,[1]電話端末!$A$2:$D$284,2,FALSE),"不在") -> 【埼玉】細田昌子 | H64: 57 | I64: 54 | K64: 2.51003e+19
A65: 45933.675 | B65: 1003 | C65: =IFERROR(VLOOKUP(B65,[1]電話端末!$A$2:$E$284,2,FALSE),"不在") -> 【本社経理】池上有花 | D65: 2025 | E65: =IFERROR(VLOOKUP(D65,[1]電話端末!$A$2:$E$284,2,FALSE),"不在") -> 【MF大阪】後垣幸恵 | F65: 2021 | G65: =IFERROR(VLOOKUP(F65,[1]電話端末!$A$2:$D$284,2,FALSE),"不在") -> 【MF大阪】福山通運席 | H65: 132 | I65: 123 | K65: 2.51003e+19
A66: 45933.675 | B66: 3352 | C66: =IFERROR(VLOOKUP(B66,[1]電話端末!$A$2:$E$284,2,FALSE),"不在") -> 【名古屋】大渕温子 | D66: 3350 | E66: =IFERROR(VLOOKUP(D66,[1]電話端末!$A$2:$E$284,2,FALSE),"不在") -> 【名古屋】稲垣みちる | F66: 3350 | G66: =IFERROR(VLOOKUP(F66,[1]電話端末!$A$2:$D$284,2,FALSE),"不在") -> 【名古屋】稲垣みちる | H66: 99 | I66: 98 | K66: 2.51003e+19
A67: 45933.675 | B67: 3008 | C67: =IFERROR(VLOOKUP(B67,[1]電話端末!$A$2:$E$284,2,FALSE),"不在") -> 【東京】片桐芳夫 | D67: 3103 | E67: =IFERROR(VLOOKUP(D67,[1]電話端末!$A$2:$E$284,2,FALSE),"不在") -> 【横浜】舞智江 | G67: =IFERROR(VLOOKUP(F67,[1]電話端末!$A$2:$D$284,2,FALSE),"不在") -> 不在 | H67: 1 | I67: 0 | K67: 2.51003e+19
A68: 45933.675 | B68: 3602 | C68: =IFERROR(VLOOKUP(B68,[1]電話端末!$A$2:$E$284,2,FALSE),"不在") -> 【福岡】山崎芹奈 | D68: 3603 | E68: =IFERROR(VLOOKUP(D68,[1]電話端末!$A$2:$E$284,2,FALSE),"不在") -> 【福岡】重松宝成 | F68: 3603 | G68: =IFERROR(VLOOKUP(F68,[1]電話端末!$A$2:$D$284,2,FALSE),"不在") -> 【福岡】重松宝成 | H68: 98 | I68: 94 | K68: 2.51003e+19
A69: 45933.674 | B69: 3602 | C69: =IFERROR(VLOOKUP(B69,[1]電話端末!$A$2:$E$284,2,FALSE),"不在") -> 【福岡】山崎芹奈 | D69: 3604 | E69: =IFERROR(VLOOKUP(D69,[1]電話端末!$A$2:$E$284,2,FALSE),"不在") -> 【福岡】奥薗美和 | F69: 3604 | G69: =IFERROR(VLOOKUP(F69,[1]電話端末!$A$2:$D$284,2,FALSE),"不在") -> 【福岡】奥薗美和 | H69: 30 | I69: 29 | K69: 2.51003e+19
A70: 45933.673 | B70: 2012 | C70: =IFERROR(VLOOKUP(B70,[1]電話端末!$A$2:$E$284,2,FALSE),"不在") -> 【MF大阪】渡邉莉乃 | D70: 5390 | E70: =IFERROR(VLOOKUP(D70,[1]電話端末!$A$2:$E$284,2,FALSE),"不在") -> 【名古屋】着信グループ | F70: 3352 | G70: =IFERROR(VLOOKUP(F70,[1]電話端末!$A$2:$D$284,2,FALSE),"不在") -> 【名古屋】大渕温子 | H70: 282 | I70: 280 | K70: 2.51003e+19
A71: 45933.673 | B71: 3508 | C71: =IFERROR(VLOOKUP(B71,[1]電話端末!$A$2:$E$284,2,FALSE),"不在") -> 【岡山】岸本麻衣子 | D71: 066190 | E71: =IFERROR(VLOOKUP(D71,[1]電話端末!$A$2:$E$284,2,FALSE),"不在") -> 不在 | G71: =IFERROR(VLOOKUP(F71,[1]電話端末!$A$2:$D$284,2,FALSE),"不在") -> 不在 | H71: 0 | I71: 0 | K71: 2.51003e+19
A72: 45933.673 | B72: 2012 | C72: =IFERROR(VLOOKUP(B72,[1]電話端末!$A$2:$E$284,2,FALSE),"不在") -> 【MF大阪】渡邉莉乃 | D72: 3350 | E72: =IFERROR(VLOOKUP(D72,[1]電話端末!$A$2:$E$284,2,FALSE),"不在") -> 【名古屋】稲垣みちる | G72: =IFERROR(VLOOKUP(F72,[1]電話端末!$A$2:$D$284,2,FALSE),"不在") -> 不在 | H72: 1 | I72: 0 | K72: 2.51003e+19
A73: 45933.673 | B73: 3106 | C73: =IFERROR(VLOOKUP(B73,[1]電話端末!$A$2:$E$284,2,FALSE),"不在") -> 【横浜】青木観奈 | D73: 5001 | E73: =IFERROR(VLOOKUP(D73,[1]電話端末!$A$2:$E$284,2,FALSE),"不在") -> 【東京】着信グループ | F73: 3010 | G73: =IFERROR(VLOOKUP(F73,[1]電話端末!$A$2:$D$284,2,FALSE),"不在") -> 【東京】豊島亮 | H73: 30 | I73: 28 | K73: 2.51003e+19
A74: 45933.673 | B74: 3000 | C74: =IFERROR(VLOOKUP(B74,[1]電話端末!$A$2:$E$284,2,FALSE),"不在") -> 【東京】西垣彩 | D74: 5551 | E74: =IFERROR(VLOOKUP(D74,[1]電話端末!$A$2:$E$284,2,FALSE),"不在") -> 【本社】商品本部 | F74: 1141 | G74: =IFERROR(VLOOKUP(F74,[1]電話端末!$A$2:$D$284,2,FALSE),"不在") -> 【本社輸入】細川靖司 | H74: 82 | I74: 73 | K74: 2.51003e+19
A75: 45933.671 | B75: 3154 | C75: =IFERROR(VLOOKUP(B75,[1]電話端末!$A$2:$E$284,2,FALSE),"不在") -> 【埼玉】竹内梓 | D75: 3003 | E75: =IFERROR(VLOOKUP(D75,[1]電話端末!$A$2:$E$284,2,FALSE),"不在") -> 【東京】林まど佳 | G75: =IFERROR(VLOOKUP(F75,[1]電話端末!$A$2:$D$284,2,FALSE),"不在") -> 不在 | H75: 1 | I75: 0 | K75: 2.51003e+19
A76: 45933.671 | B76: 3001 | C76: =IFERROR(VLOOKUP(B76,[1]電話端末!$A$2:$E$284,2,FALSE),"不在") -> 【東京】高澤早紀 | D76: 3103 | E76: =IFERROR(VLOOKUP(D76,[1]電話端末!$A$2:$E$284,2,FALSE),"不在") -> 【横浜】舞智江 | F76: 3103 | G76: =IFERROR(VLOOKUP(F76,[1]電話端末!$A$2:$D$284,2,FALSE),"不在") -> 【横浜】舞智江 | H76: 110 | I76: 106 | K76: 2.51003e+19
A77: 45933.67 | B77: 2101 | C77: =IFERROR(VLOOKUP(B77,[1]電話端末!$A$2:$E$284,2,FALSE),"不在") -> 【MF東京】山中雅仁 | D77: 5004 | E77: =IFERROR(VLOOKUP(D77,[1]電話端末!$A$2:$E$284,2,FALSE),"不在") -> 【埼玉】着信グループ | F77: 3154 | G77: =IFERROR(VLOOKUP(F77,[1]電話端末!$A$2:$D$284,2,FALSE),"不在") -> 【埼玉】竹内梓 | H77: 179 | I77: 169 | K77: 2.51003e+19
A78: 45933.669 | B78: 3151 | C78: =IFERROR(VLOOKUP(B78,[1]電話端末!$A$2:$E$284,2,FALSE),"不在") -> 【埼玉】池田千恵子 | D78: 3502 | E78: =IFERROR(VLOOKUP(D78,[1]電話端末!$A$2:$E$284,2,FALSE),"不在") -> 【岡山】伊藤優 | F78: 3502 | G78: =IFERROR(VLOOKUP(F78,[1]電話端末!$A$2:$D$284,2,FALSE),"不在") -> 【岡山】伊藤優 | H78: 23 | I78: 21 | K78: 2.51003e+19
A79: 45933.668 | B79: 3502 | C79: =IFERROR(VLOOKUP(B79,[1]電話端末!$A$2:$E$284,2,FALSE),"不在") -> 【岡山】伊藤優 | D79: 3151 | E79: =IFERROR(VLOOKUP(D79,[1]電話端末!$A$2:$E$284,2,FALSE),"不在") -> 【埼玉】池田千恵子 | G79: =IFERROR(VLOOKUP(F79,[1]電話端末!$A$2:$D$284,2,FALSE),"不在") -> 不在 | H79: 1 | I79: 0 | K79: 2.51003e+19
A80: 45933.668 | B80: 3103 | C80: =IFERROR(VLOOKUP(B80,[1]電話端末!$A$2:$E$284,2,FALSE),"不在") -> 【横浜】舞智江 | D80: 5004 | E80: =IFERROR(VLOOKUP(D80,[1]電話端末!$A$2:$E$284,2,FALSE),"不在") -> 【埼玉】着信グループ | F80: 3153 | G80: =IFERROR(VLOOKUP(F80,[1]電話端末!$A$2:$D$284,2,FALSE),"不在") -> 【埼玉】豊田里花 | H80: 57 | I80: 55 | K80: 2.51003e+19
A81: 45933.667 | B81: 3152 | C81: =IFERROR(VLOOKUP(B81,[1]電話端末!$A$2:$E$284,2,FALSE),"不在") -> 【埼玉】細田昌子 | D81: 3300 | E81: =IFERROR(VLOOKUP(D81,[1]電話端末!$A$2:$E$284,2,FALSE),"不在") -> 【千葉】小島佳菜 | F81: 3300 | G81: =IFERROR(VLOOKUP(F81,[1]電話端末!$A$2:$D$284,2,FALSE),"不在") -> 【千葉】小島佳菜 | H81: 21 | I81: 17 | K81: 2.51003e+19
A82: 45933.667 | B82: 1003 | C82: =IFERROR(VLOOKUP(B82,[1]電話端末!$A$2:$E$284,2,FALSE),"不在") -> 【本社経理】池上有花 | D82: 3001 | E82: =IFERROR(VLOOKUP(D82,[1]電話端末!$A$2:$E$284,2,FALSE),"不在") -> 【東京】高澤早紀 | F82: 3001 | G82: =IFERROR(VLOOKUP(F82,[1]電話端末!$A$2:$D$284,2,FALSE),"不在") -> 【東京】高澤早紀 | H82: 29 | I82: 27 | K82: 2.51003e+19
A83: 45933.666 | B83: 1003 | C83: =IFERROR(VLOOKUP(B83,[1]電話端末!$A$2:$E$284,2,FALSE),"不在") -> 【本社経理】池上有花 | D83: 2025 | E83: =IFERROR(VLOOKUP(D83,[1]電話端末!$A$2:$E$284,2,FALSE),"不在") -> 【MF大阪】後垣幸恵 | G83: =IFERROR(VLOOKUP(F83,[1]電話端末!$A$2:$D$284,2,FALSE),"不在") -> 不在 | H83: 17 | I83: 0 | K83: 2.51003e+19
A84: 45933.666 | B84: 3254 | C84: =IFERROR(VLOOKUP(B84,[1]電話端末!$A$2:$E$284,2,FALSE),"不在") -> 【仙台】及川憲佑 | D84: 1149 | E84: =IFERROR(VLOOKUP(D84,[1]電話端末!$A$2:$E$284,2,FALSE),"不在") -> 【本社経理】羽鳥由美 | F84: 1149 | G84: =IFERROR(VLOOKUP(F84,[1]電話端末!$A$2:$D$284,2,FALSE),"不在") -> 【本社経理】羽鳥由美 | H84: 367 | I84: 357 | K84: 2.51003e+19
A85: 45933.665 | B85: 3151 | C85: =IFERROR(VLOOKUP(B85,[1]電話端末!$A$2:$E$284,2,FALSE),"不在") -> 【埼玉】池田千恵子 | D85: 3502 | E85: =IFERROR(VLOOKUP(D85,[1]電話端末!$A$2:$E$284,2,FALSE),"不在") -> 【岡山】伊藤優 | F85: 3502 | G85: =IFERROR(VLOOKUP(F85,[1]電話端末!$A$2:$D$284,2,FALSE),"不在") -> 【岡山】伊藤優 | H85: 32 | I85: 30 | K85: 2.51003e+19
A86: 45933.664 | B86: 3000 | C86: =IFERROR(VLOOKUP(B86,[1]電話端末!$A$2:$E$284,2,FALSE),"不在") -> 【東京】西垣彩 | D86: 3300 | E86: =IFERROR(VLOOKUP(D86,[1]電話端末!$A$2:$E$284,2,FALSE),"不在") -> 【千葉】小島佳菜 | F86: 3300 | G86: =IFERROR(VLOOKUP(F86,[1]電話端末!$A$2:$D$284,2,FALSE),"不在") -> 【千葉】小島佳菜 | H86: 14 | I86: 12 | K86: 2.51003e+19
A87: 45933.664 | B87: 3000 | C87: =IFERROR(VLOOKUP(B87,[1]電話端末!$A$2:$E$284,2,FALSE),"不在") -> 【東京】西垣彩 | D87: 3751 | E87: =IFERROR(VLOOKUP(D87,[1]電話端末!$A$2:$E$284,2,FALSE),"不在") -> 【流山】鴻池千紗都 | G87: =IFERROR(VLOOKUP(F87,[1]電話端末!$A$2:$D$284,2,FALSE),"不在") -> 不在 | H87: 1 | I87: 0 | K87: 2.51003e+19
A88: 45933.662 | B88: 3600 | C88: =IFERROR(VLOOKUP(B88,[1]電話端末!$A$2:$E$284,2,FALSE),"不在") -> 【福岡】松尾明日香 | D88: 3601 | E88: =IFERROR(VLOOKUP(D88,[1]電話端末!$A$2:$E$284,2,FALSE),"不在") -> 【福岡】松添愛 | F88: 3601 | G88: =IFERROR(VLOOKUP(F88,[1]電話端末!$A$2:$D$284,2,FALSE),"不在") -> 【福岡】松添愛 | H88: 75 | I88: 73 | K88: 2.51003e+19
A89: 45933.662 | B89: 2004 | C89: =IFERROR(VLOOKUP(B89,[1]電話端末!$A$2:$E$284,2,FALSE),"不在") -> 【MF大阪】西村浩和 | D89: 2106 | E89: =IFERROR(VLOOKUP(D89,[1]電話端末!$A$2:$E$284,2,FALSE),"不在") -> 【MF東京】荒川拡 | F89: 2106 | G89: =IFERROR(VLOOKUP(F89,[1]電話端末!$A$2:$D$284,2,FALSE),"不在") -> 【MF東京】荒川拡 | H89: 1204 | I89: 1202 | K89: 2.51003e+19
A90: 45933.661 | B90: 3001 | C90: =IFERROR(VLOOKUP(B90,[1]電話端末!$A$2:$E$284,2,FALSE),"不在") -> 【東京】高澤早紀 | D90: 5552 | E90: =IFERROR(VLOOKUP(D90,[1]電話端末!$A$2:$E$284,2,FALSE),"不在") -> 【本社】経理 | F90: 1002 | G90: =IFERROR(VLOOKUP(F90,[1]電話端末!$A$2:$D$284,2,FALSE),"不在") -> 【本社経理】羽鳥由美 | H90: 55 | I90: 48 | K90: 2.51003e+19
A91: 45933.661 | B91: 2012 | C91: =IFERROR(VLOOKUP(B91,[1]電話端末!$A$2:$E$284,2,FALSE),"不在") -> 【MF大阪】渡邉莉乃 | D91: 3350 | E91: =IFERROR(VLOOKUP(D91,[1]電話端末!$A$2:$E$284,2,FALSE),"不在") -> 【名古屋】稲垣みちる | G91: =IFERROR(VLOOKUP(F91,[1]電話端末!$A$2:$D$284,2,FALSE),"不在") -> 不在 | H91: 1 | I91: 0 | K91: 2.51003e+19
A92: 45933.661 | B92: 3001 | C92: =IFERROR(VLOOKUP(B92,[1]電話端末!$A$2:$E$284,2,FALSE),"不在") -> 【東京】高澤早紀 | D92: 1155 | E92: =IFERROR(VLOOKUP(D92,[1]電話端末!$A$2:$E$284,2,FALSE),"不在") -> 【本社経理】池上有花 | G92: =IFERROR(VLOOKUP(F92,[1]電話端末!$A$2:$D$284,2,FALSE),"不在") -> 不在 | H92: 21 | I92: 0 | K92: 2.51003e+19
A93: 45933.661 | B93: 3751 | C93: =IFERROR(VLOOKUP(B93,[1]電話端末!$A$2:$E$284,2,FALSE),"不在") -> 【流山】鴻池千紗都 | D93: 3000 | E93: =IFERROR(VLOOKUP(D93,[1]電話端末!$A$2:$E$284,2,FALSE),"不在") -> 【東京】西垣彩 | G93: =IFERROR(VLOOKUP(F93,[1]電話端末!$A$2:$D$284,2,FALSE),"不在") -> 不在 | H93: 0 | I93: 0 | K93: 2.51003e+19
A94: 45933.66 | B94: 3001 | C94: =IFERROR(VLOOKUP(B94,[1]電話端末!$A$2:$E$284,2,FALSE),"不在") -> 【東京】高澤早紀 | D94: 1003 | E94: =IFERROR(VLOOKUP(D94,[1]電話端末!$A$2:$E$284,2,FALSE),"不在") -> 【本社経理】池上有花 | G94: =IFERROR(VLOOKUP(F94,[1]電話端末!$A$2:$D$284,2,FALSE),"不在") -> 不在 | H94: 0 | I94: 0 | K94: 2.51003e+19
A95: 45933.66 | B95: 3300 | C95: =IFERROR(VLOOKUP(B95,[1]電話端末!$A$2:$E$284,2,FALSE),"不在") -> 【千葉】小島佳菜 | D95: 5001 | E95: =IFERROR(VLOOKUP(D95,[1]電話端末!$A$2:$E$284,2,FALSE),"不在") -> 【東京】着信グループ | F95: 3000 | G95: =IFERROR(VLOOKUP(F95,[1]電話端末!$A$2:$D$284,2,FALSE),"不在") -> 【東京】西垣彩 | H95: 24 | I95: 22 | K95: 2.51003e+19
A96: 45933.66 | B96: 3600 | C96: =IFERROR(VLOOKUP(B96,[1]電話端末!$A$2:$E$284,2,FALSE),"不在") -> 【福岡】松尾明日香 | D96: 3601 | E96: =IFERROR(VLOOKUP(D96,[1]電話端末!$A$2:$E$284,2,FALSE),"不在") -> 【福岡】松添愛 | F96: 3601 | G96: =IFERROR(VLOOKUP(F96,[1]電話端末!$A$2:$D$284,2,FALSE),"不在") -> 【福岡】松添愛 | H96: 106 | I96: 103 | K96: 2.51003e+19
A97: 45933.66 | B97: 2025 | C97: =IFERROR(VLOOKUP(B97,[1]電話端末!$A$2:$E$284,2,FALSE),"不在") -> 【MF大阪】後垣幸恵 | D97: 1155 | E97: =IFERROR(VLOOKUP(D97,[1]電話端末!$A$2:$E$284,2,FALSE),"不在") -> 【本社経理】池上有花 | F97: 1003 | G97: =IFERROR(VLOOKUP(F97,[1]電話端末!$A$2:$D$284,2,FALSE),"不在") -> 【本社経理】池上有花 | H97: 398 | I97: 395 | K97: 2.51003e+19
A98: 45933.659 | B98: 3001 | C98: =IFERROR(VLOOKUP(B98,[1]電話端末!$A$2:$E$284,2,FALSE),"不在") -> 【東京】高澤早紀 | D98: 3104 | E98: =IFERROR(VLOOKUP(D98,[1]電話端末!$A$2:$E$284,2,FALSE),"不在") -> 【横浜】奥秋素子 | F98: 3104 | G98: =IFERROR(VLOOKUP(F98,[1]電話端末!$A$2:$D$284,2,FALSE),"不在") -> 【横浜】奥秋素子 | H98: 68 | I98: 65 | K98: 2.51003e+19
A99: 45933.659 | B99: 3403 | C99: =IFERROR(VLOOKUP(B99,[1]電話端末!$A$2:$E$284,2,FALSE),"不在") -> 【滋賀】筆坂雪子 | D99: 3151 | E99: =IFERROR(VLOOKUP(D99,[1]電話端末!$A$2:$E$284,2,FALSE),"不在") -> 【埼玉】池田千恵子 | F99: 3151 | G99: =IFERROR(VLOOKUP(F99,[1]電話端末!$A$2:$D$284,2,FALSE),"不在") -> 【埼玉】池田千恵子 | H99: 30 | I99: 27 | K99: 2.51003e+19
A100: 45933.659 | B100: 3001 | C100: =IFERROR(VLOOKUP(B100,[1]電話端末!$A$2:$E$284,2,FALSE),"不在") -> 【東京】高澤早紀 | D100: 3103 | E100: =IFERROR(VLOOKUP(D100,[1]電話端末!$A$2:$E$284,2,FALSE),"不在") -> 【横浜】舞智江 | G100: =IFERROR(VLOOKUP(F100,[1]電話端末!$A$2:$D$284,2,FALSE),"不在") -> 不在 | H100: 0 | I100: 0 | K100: 2.51003e+19
A101: 45933.659 | B101: 3008 | C101: =IFERROR(VLOOKUP(B101,[1]電話端末!$A$2:$E$284,2,FALSE),"不在") -> 【東京】片桐芳夫 | D101: 3152 | E101: =IFERROR(VLOOKUP(D101,[1]電話端末!$A$2:$E$284,2,FALSE),"不在") -> 【埼玉】細田昌子 | F101: 3152 | G101: =IFERROR(VLOOKUP(F101,[1]電話端末!$A$2:$D$284,2,FALSE),"不在") -> 【埼玉】細田昌子 | H101: 134 | I101: 131 | K101: 2.51003e+19
A102: 45933.658 | B102: 2012 | C102: =IFERROR(VLOOKUP(B102,[1]電話端末!$A$2:$E$284,2,FALSE),"不在") -> 【MF大阪】渡邉莉乃 | D102: 3350 | E102: =IFERROR(VLOOKUP(D102,[1]電話端末!$A$2:$E$284,2,FALSE),"不在") -> 【名古屋】稲垣みちる | G102: =IFERROR(VLOOKUP(F102,[1]電話端末!$A$2:$D$284,2,FALSE),"不在") -> 不在 | H102: 1 | I102: 0 | K102: 2.51003e+19
A103: 45933.657 | B103: 3600 | C103: =IFERROR(VLOOKUP(B103,[1]電話端末!$A$2:$E$284,2,FALSE),"不在") -> 【福岡】松尾明日香 | D103: 3601 | E103: =IFERROR(VLOOKUP(D103,[1]電話端末!$A$2:$E$284,2,FALSE),"不在") -> 【福岡】松添愛 | F103: 3601 | G103: =IFERROR(VLOOKUP(F103,[1]電話端末!$A$2:$D$284,2,FALSE),"不在") -> 【福岡】松添愛 | H103: 60 | I103: 56 | K103: 2.51003e+19
A104: 45933.656 | B104: 1010 | C104: =IFERROR(VLOOKUP(B104,[1]電話端末!$A$2:$E$284,2,FALSE),"不在") -> 【流山】浅沼潤也 | D104: 3751 | E104: =IFERROR(VLOOKUP(D104,[1]電話端末!$A$2:$E$284,2,FALSE),"不在") -> 【流山】鴻池千紗都 | F104: 3751 | G104: =IFERROR(VLOOKUP(F104,[1]電話端末!$A$2:$D$284,2,FALSE),"不在") -> 【流山】鴻池千紗都 | H104: 45 | I104: 43 | K104: 2.51003e+19
A105: 45933.656 | B105: 3008 | C105: =IFERROR(VLOOKUP(B105,[1]電話端末!$A$2:$E$284,2,FALSE),"不在") -> 【東京】片桐芳夫 | D105: 3152 | E105: =IFERROR(VLOOKUP(D105,[1]電話端末!$A$2:$E$284,2,FALSE),"不在") -> 【埼玉】細田昌子 | G105: =IFERROR(VLOOKUP(F105,[1]電話端末!$A$2:$D$284,2,FALSE),"不在") -> 不在 | H105: 0 | I105: 0 | K105: 2.51003e+19
A106: 45933.652 | B106: 3003 | C106: =IFERROR(VLOOKUP(B106,[1]電話端末!$A$2:$E$284,2,FALSE),"不在") -> 【東京】林まど佳 | D106: 3403 | E106: =IFERROR(VLOOKUP(D106,[1]電話端末!$A$2:$E$284,2,FALSE),"不在") -> 【滋賀】筆坂雪子 | F106: 3403 | G106: =IFERROR(VLOOKUP(F106,[1]電話端末!$A$2:$D$284,2,FALSE),"不在") -> 【滋賀】筆坂雪子 | H106: 34 | I106: 31 | K106: 2.51003e+19
A107: 45933.652 | B107: 3751 | C107: =IFERROR(VLOOKUP(B107,[1]電話端末!$A$2:$E$284,2,FALSE),"不在") -> 【流山】鴻池千紗都 | D107: 1010 | E107: =IFERROR(VLOOKUP(D107,[1]電話端末!$A$2:$E$284,2,FALSE),"不在") -> 【流山】浅沼潤也 | F107: 1010 | G107: =IFERROR(VLOOKUP(F107,[1]電話端末!$A$2:$D$284,2,FALSE),"不在") -> 【流山】浅沼潤也 | H107: 96 | I107: 79 | K107: 2.51003e+19
A108: 45933.651 | B108: 3200 | C108: =IFERROR(VLOOKUP(B108,[1]電話端末!$A$2:$E$284,2,FALSE),"不在") -> 【札幌】舘合庸介 | D108: 3251 | E108: =IFERROR(VLOOKUP(D108,[1]電話端末!$A$2:$E$284,2,FALSE),"不在") -> 【仙台】阿部かおり | G108: =IFERROR(VLOOKUP(F108,[1]電話端末!$A$2:$D$284,2,FALSE),"不在") -> 不在 | H108: 0 | I108: 0 | K108: 2.51003e+19
...
