Workbook
Name ExternalData_1: 外線着信!$A$1:$BF$6738
Name ExternalData_1: 外線発信!$A$1:$AG$5501
Name ExternalData_1: 内線通話!$A$1:$CE$1525
Name ExternalData_10: 外線着信!$A$41138:$BF$45738
Name ExternalData_10: 外線発信!$A$32843:$AG$36604
Name ExternalData_10: 内線通話!$A$8411:$CE$9391
Name ExternalData_11: 外線着信!$A$1:$BD$6738
Name ExternalData_11: 外線発信!$A$1:$AF$5501
Name ExternalData_11: 内線通話!$A$1:$CB$1525
Name ExternalData_12: 外線着信!$A$1:$BB$4602
Name ExternalData_12: 外線発信!$A$1:$AE$3763
Name ExternalData_12: 内線通話!$A$1:$BY$982
Name ExternalData_13: 外線着信!$A$1:$AZ$3920
Name ExternalData_13: 外線発信!$A$1:$AD$3191
Name ExternalData_13: 内線通話!$A$1:$BV$848
Name ExternalData_14: 外線着信!$A$1:$AX$4481
Name ExternalData_14: 外線発信!$A$1:$AC$3509
Name ExternalData_14: 内線通話!$A$1:$BS$862
Name ExternalData_15: 外線着信!$A$1:$AV$6691
Name ExternalData_15: 外線発信!$A$1:$AB$5411
Name ExternalData_15: 内線通話!$A$1:$BP$1425
Name ExternalData_16: 外線着信!$A$1:$AT$24
Name ExternalData_16: 外線発信!$A$1:$AA$1
Name ExternalData_16: 内線通話!$A$1:$BM$1
Name ExternalData_17: 外線着信!$A$1:$AR$7143
Name ExternalData_17: 外線発信!$A$1:$Z$5752
Name ExternalData_17: 内線通話!$A$1:$BJ$1479
Name ExternalData_18: 外線着信!$A$1:$AP$2415
Name ExternalData_18: 外線発信!$A$1:$Y$1795
Name ExternalData_18: 内線通話!$A$1:$BG$485
Name ExternalData_19: 外線着信!$A$1:$AN$4798
Name ExternalData_19: 外線発信!$A$1:$X$3919
Name ExternalData_19: 内線通話!$A$1:$BD$940
Name ExternalData_2: 外線着信!$A$6739:$BF$10657
Name ExternalData_2: 外線発信!$A$5502:$AG$8691
Name ExternalData_2: 内線通話!$A$1526:$CE$2372
Name ExternalData_20: 外線着信!$A$1:$AL$4935
Name ExternalData_20: 外線発信!$A$1:$W$3771
Name ExternalData_20: 内線通話!$A$1:$BA$853
Name ExternalData_21: 外線着信!$A$1:$AJ$6738
Name ExternalData_21: 外線発信!$A$1:$V$5501
Name ExternalData_21: 内線通話!$A$1:$AX$1525
Name ExternalData_22: 外線着信!$A$1:$AH$3920
Name ExternalData_22: 外線発信!$A$1:$U$3191
Name ExternalData_22: 内線通話!$A$1:$AU$848
Name ExternalData_23: 外線着信!$A$1:$AF$4481
Name ExternalData_23: 外線発信!$A$1:$T$3509
Name ExternalData_23: 内線通話!$A$1:$AR$862
Name ExternalData_24: 外線着信!$A$1:$AD$6691
Name ExternalData_24: 外線発信!$A$1:$S$5411
Name ExternalData_24: 内線通話!$A$1:$AO$1425
Name ExternalData_25: 外線着信!$A$1:$AB$24
Name ExternalData_25: 外線発信!$A$1:$R$1
Name ExternalData_25: 内線通話!$A$1:$AL$1
Name ExternalData_26: 外線着信!$A$1:$Z$7143
Name ExternalData_26: 外線発信!$A$1:$Q$5752
Name ExternalData_26: 内線通話!$A$1:$AI$1479
Name ExternalData_27: 外線着信!$A$1:$X$2415
Name ExternalData_27: 外線発信!$A$1:$P$1795
Name ExternalData_27: 内線通話!$A$1:$AF$485

Sheet 着信件数
A1: 拠点 | B1: 内線 | D1: 外線 | F1: 他拠点へ転送 | G1: 他拠点から転送
B2: 入電 | C2: 着電 | D2: 入電 | E2: 着電 | P2: 発着信履歴_20251010-20251012
A3: 東京 | B3: =COUNTIF(内線通話!$E$2:INDEX(内線通話!$E:$E, COUNTA(内線通話!$E:$E)), "【"&A3&"*") -> 24 | C3: =COUNTIF(内線通話!$G$2:INDEX(内線通話!$G:$G, COUNTA(内線通話!$G:$G)), "【"&A3&"*") -> 21 | D3: =COUNTIF(外線着信!$D$2:INDEX(外線着信!$D:$D, COUNTA(外線着信!$D:$D)), "【"&A3&"*") -> 331 | E3: =COUNTIF(外線着信!$F$2:INDEX(外線着信!$F:$F, COUNTA(外線着信!$F:$F)), "【"&A3&"*") -> 323 | G3: 流山
A4: 横浜 | B4: =COUNTIF(内線通話!$E$2:INDEX(内線通話!$E:$E, COUNTA(内線通話!$E:$E)), "【"&A4&"*") -> 34 | C4: =COUNTIF(内線通話!$G$2:INDEX(内線通話!$G:$G, COUNTA(内線通話!$G:$G)), "【"&A4&"*") -> 25 | D4: =COUNTIF(外線着信!$D$2:INDEX(外線着信!$D:$D, COUNTA(外線着信!$D:$D)), "【"&A4&"*") -> 389 | E4: =COUNTIF(外線着信!$F$2:INDEX(外線着信!$F:$F, COUNTA(外線着信!$F:$F)), "【"&A4&"*") -> 382 | G4: 多摩
A5: 埼玉 | B5: =COUNTIF(内線通話!$E$2:INDEX(内線通話!$E:$E, COUNTA(内線通話!$E:$E)), "【"&A5&"*") -> 32 | C5: =COUNTIF(内線通話!$G$2:INDEX(内線通話!$G:$G, COUNTA(内線通話!$G:$G)), "【"&A5&"*") -> 25 | D5: =COUNTIF(外線着信!$D$2:INDEX(外線着信!$D:$D, COUNTA(外線着信!$D:$D)), "【"&A5&"*") -> 300 | E5: =COUNTIF(外線着信!$F$2:INDEX(外線着信!$F:$F, COUNTA(外線着信!$F:$F)), "【"&A5&"*") -> 312 | G5: 千葉・北関東 | J5: 入電：電話が入った件数
A6: 滋賀 | B6: =COUNTIF(内線通話!$E$2:INDEX(内線通話!$E:$E, COUNTA(内線通話!$E:$E)), "【"&A6&"*") -> 5 | C6: =COUNTIF(内線通話!$G$2:INDEX(内線通話!$G:$G, COUNTA(内線通話!$G:$G)), "【"&A6&"*") -> 3 | D6: =COUNTIF(外線着信!$D$2:INDEX(外線着信!$D:$D, COUNTA(外線着信!$D:$D)), "【"&A6&"*") -> 102 | E6: =COUNTIF(外線着信!$F$2:INDEX(外線着信!$F:$F, COUNTA(外線着信!$F:$F)), "【"&A6&"*") -> 108 | G6: 金沢 | J6: 着電：電話を取った件数
A7: 大阪 | B7: =COUNTIF(内線通話!$E$2:INDEX(内線通話!$E:$E, COUNTA(内線通話!$E:$E)), "【"&A7&"*") -> 15 | C7: =COUNTIF(内線通話!$G$2:INDEX(内線通話!$G:$G, COUNTA(内線通話!$G:$G)), "【"&A7&"*") -> 15 | D7: =COUNTIF(外線着信!$D$2:INDEX(外線着信!$D:$D, COUNTA(外線着信!$D:$D)), "【"&A7&"*") -> 60 | E7: =COUNTIF(外線着信!$F$2:INDEX(外線着信!$F:$F, COUNTA(外線着信!$F:$F)), "【"&A7&"*") -> 11 | F7: 岡山
A8: 千葉 | B8: =COUNTIF(内線通話!$E$2:INDEX(内線通話!$E:$E, COUNTA(内線通話!$E:$E)), "【"&A8&"*") -> 18 | C8: =COUNTIF(内線通話!$G$2:INDEX(内線通話!$G:$G, COUNTA(内線通話!$G:$G)), "【"&A8&"*") -> 11 | D8: =COUNTIF(外線着信!$D$2:INDEX(外線着信!$D:$D, COUNTA(外線着信!$D:$D)), "【"&A8&"*") -> 109 | E8: =COUNTIF(外線着信!$F$2:INDEX(外線着信!$F:$F, COUNTA(外線着信!$F:$F)), "【"&A8&"*") -> 67 | F8: 埼玉
A9: 福岡 | B9: =COUNTIF(内線通話!$E$2:INDEX(内線通話!$E:$E, COUNTA(内線通話!$E:$E)), "【"&A9&"*") -> 75 | C9: =COUNTIF(内線通話!$G$2:INDEX(内線通話!$G:$G, COUNTA(内線通話!$G:$G)), "【"&A9&"*") -> 65 | D9: =COUNTIF(外線着信!$D$2:INDEX(外線着信!$D:$D, COUNTA(外線着信!$D:$D)), "【"&A9&"*") -> 196 | E9: =COUNTIF(外線着信!$F$2:INDEX(外線着信!$F:$F, COUNTA(外線着信!$F:$F)), "【"&A9&"*") -> 184 | G9: 広島・熊本
A10: 岡山 | B10: =COUNTIF(内線通話!$E$2:INDEX(内線通話!$E:$E, COUNTA(内線通話!$E:$E)), "【"&A10&"*") -> 16 | C10: =COUNTIF(内線通話!$G$2:INDEX(内線通話!$G:$G, COUNTA(内線通話!$G:$G)), "【"&A10&"*") -> 13 | D10: =COUNTIF(外線着信!$D$2:INDEX(外線着信!$D:$D, COUNTA(外線着信!$D:$D)), "【"&A10&"*") -> 174 | E10: =COUNTIF(外線着信!$F$2:INDEX(外線着信!$F:$F, COUNTA(外線着信!$F:$F)), "【"&A10&"*") -> 227 | G10: 大阪・静岡
A11: 名古屋 | B11: =COUNTIF(内線通話!$E$2:INDEX(内線通話!$E:$E, COUNTA(内線通話!$E:$E)), "【"&A11&"*") -> 36 | C11: =COUNTIF(内線通話!$G$2:INDEX(内線通話!$G:$G, COUNTA(内線通話!$G:$G)), "【"&A11&"*") -> 36 | D11: =COUNTIF(外線着信!$D$2:INDEX(外線着信!$D:$D, COUNTA(外線着信!$D:$D)), "【"&A11&"*") -> 113 | E11: =COUNTIF(外線着信!$F$2:INDEX(外線着信!$F:$F, COUNTA(外線着信!$F:$F)), "【"&A11&"*") -> 105
A12: 仙台 | B12: =COUNTIF(内線通話!$E$2:INDEX(内線通話!$E:$E, COUNTA(内線通話!$E:$E)), "【"&A12&"*") -> 15 | C12: =COUNTIF(内線通話!$G$2:INDEX(内線通話!$G:$G, COUNTA(内線通話!$G:$G)), "【"&A12&"*") -> 14 | D12: =COUNTIF(外線着信!$D$2:INDEX(外線着信!$D:$D, COUNTA(外線着信!$D:$D)), "【"&A12&"*") -> 297 | E12: =COUNTIF(外線着信!$F$2:INDEX(外線着信!$F:$F, COUNTA(外線着信!$F:$F)), "【"&A12&"*") -> 311 | G12: 札幌
A13: 広島 | B13: =COUNTIF(内線通話!$E$2:INDEX(内線通話!$E:$E, COUNTA(内線通話!$E:$E)), "【"&A13&"*") -> 4 | C13: =COUNTIF(内線通話!$G$2:INDEX(内線通話!$G:$G, COUNTA(内線通話!$G:$G)), "【"&A13&"*") -> 4 | D13: =COUNTIF(外線着信!$D$2:INDEX(外線着信!$D:$D, COUNTA(外線着信!$D:$D)), "【"&A13&"*") -> 5 | E13: =COUNTIF(外線着信!$F$2:INDEX(外線着信!$F:$F, COUNTA(外線着信!$F:$F)), "【"&A13&"*") -> 0 | F13: 福岡
A14: 札幌 | B14: =COUNTIF(内線通話!$E$2:INDEX(内線通話!$E:$E, COUNTA(内線通話!$E:$E)), "【"&A14&"*") -> 3 | C14: =COUNTIF(内線通話!$G$2:INDEX(内線通話!$G:$G, COUNTA(内線通話!$G:$G)), "【"&A14&"*") -> 0 | D14: =COUNTIF(外線着信!$D$2:INDEX(外線着信!$D:$D, COUNTA(外線着信!$D:$D)), "【"&A14&"*") -> 34 | E14: =COUNTIF(外線着信!$F$2:INDEX(外線着信!$F:$F, COUNTA(外線着信!$F:$F)), "【"&A14&"*") -> 2 | F14: 仙台
A15: 静岡 | B15: =COUNTIF(内線通話!$E$2:INDEX(内線通話!$E:$E, COUNTA(内線通話!$E:$E)), "【"&A15&"*") -> 0 | C15: =COUNTIF(内線通話!$G$2:INDEX(内線通話!$G:$G, COUNTA(内線通話!$G:$G)), "【"&A15&"*") -> 0 | D15: =COUNTIF(外線着信!$D$2:INDEX(外線着信!$D:$D, COUNTA(外線着信!$D:$D)), "【"&A15&"*") -> 26 | E15: =COUNTIF(外線着信!$F$2:INDEX(外線着信!$F:$F, COUNTA(外線着信!$F:$F)), "【"&A15&"*") -> 0 | F15: 岡山
A16: 北関東 | B16: =COUNTIF(内線通話!$E$2:INDEX(内線通話!$E:$E, COUNTA(内線通話!$E:$E)), "【"&A16&"*") -> 0 | C16: =COUNTIF(内線通話!$G$2:INDEX(内線通話!$G:$G, COUNTA(内線通話!$G:$G)), "【"&A16&"*") -> 0 | D16: =COUNTIF(外線着信!$D$2:INDEX(外線着信!$D:$D, COUNTA(外線着信!$D:$D)), "【"&A16&"*") -> 12 | E16: =COUNTIF(外線着信!$F$2:INDEX(外線着信!$F:$F, COUNTA(外線着信!$F:$F)), "【"&A16&"*") -> 0 | F16: 埼玉
A17: 多摩 | B17: =COUNTIF(内線通話!$E$2:INDEX(内線通話!$E:$E, COUNTA(内線通話!$E:$E)), "【"&A17&"*") -> 6 | C17: =COUNTIF(内線通話!$G$2:INDEX(内線通話!$G:$G, COUNTA(内線通話!$G:$G)), "【"&A17&"*") -> 4 | D17: =COUNTIF(外線着信!$D$2:INDEX(外線着信!$D:$D, COUNTA(外線着信!$D:$D)), "【"&A17&"*") -> 23 | E17: =COUNTIF(外線着信!$F$2:INDEX(外線着信!$F:$F, COUNTA(外線着信!$F:$F)), "【"&A17&"*") -> 8 | F17: 横浜
A18: 流山 | B18: =COUNTIF(内線通話!$E$2:INDEX(内線通話!$E:$E, COUNTA(内線通話!$E:$E)), "【"&A18&"*") -> 52 | C18: =COUNTIF(内線通話!$G$2:INDEX(内線通話!$G:$G, COUNTA(内線通話!$G:$G)), "【"&A18&"*") -> 35 | D18: =COUNTIF(外線着信!$D$2:INDEX(外線着信!$D:$D, COUNTA(外線着信!$D:$D)), "【"&A18&"*") -> 47 | E18: =COUNTIF(外線着信!$F$2:INDEX(外線着信!$F:$F, COUNTA(外線着信!$F:$F)), "【"&A18&"*") -> 44 | F18: 東京
A19: 熊本 | B19: =COUNTIF(内線通話!$E$2:INDEX(内線通話!$E:$E, COUNTA(内線通話!$E:$E)), "【"&A19&"*") -> 0 | C19: =COUNTIF(内線通話!$G$2:INDEX(内線通話!$G:$G, COUNTA(内線通話!$G:$G)), "【"&A19&"*") -> 0 | D19: =COUNTIF(外線着信!$D$2:INDEX(外線着信!$D:$D, COUNTA(外線着信!$D:$D)), "【"&A19&"*") -> 0 | E19: =COUNTIF(外線着信!$F$2:INDEX(外線着信!$F:$F, COUNTA(外線着信!$F:$F)), "【"&A19&"*") -> 0 | F19: 福岡
A20: 金沢 | B20: =COUNTIF(内線通話!$E$2:INDEX(内線通話!$E:$E, COUNTA(内線通話!$E:$E)), "【"&A20&"*") -> 1 | C20: =COUNTIF(内線通話!$G$2:INDEX(内線通話!$G:$G, COUNTA(内線通話!$G:$G)), "【"&A20&"*") -> 1 | D20: =COUNTIF(外線着信!$D$2:INDEX(外線着信!$D:$D, COUNTA(外線着信!$D:$D)), "【"&A20&"*") -> 15 | E20: =COUNTIF(外線着信!$F$2:INDEX(外線着信!$F:$F, COUNTA(外線着信!$F:$F)), "【"&A20&"*") -> 0 | F20: 滋賀
A21: 本社 | B21: =COUNTIF(内線通話!$E$2:INDEX(内線通話!$E:$E, COUNTA(内線通話!$E:$E)), "【"&A21&"*") -> 66 | C21: =COUNTIF(内線通話!$G$2:INDEX(内線通話!$G:$G, COUNTA(内線通話!$G:$G)), "【"&A21&"*") -> 48 | D21: =COUNTIF(外線着信!$D$2:INDEX(外線着信!$D:$D, COUNTA(外線着信!$D:$D)), "【"&A21&"*") -> 57 | E21: =COUNTIF(外線着信!$F$2:INDEX(外線着信!$F:$F, COUNTA(外線着信!$F:$F)), "【"&A21&"*") -> 48
A22: MF大阪 | B22: =COUNTIF(内線通話!$E$2:INDEX(内線通話!$E:$E, COUNTA(内線通話!$E:$E)), "【"&A22&"*") -> 28 | C22: =COUNTIF(内線通話!$G$2:INDEX(内線通話!$G:$G, COUNTA(内線通話!$G:$G)), "【"&A22&"*") -> 19 | D22: =COUNTIF(外線着信!$D$2:INDEX(外線着信!$D:$D, COUNTA(外線着信!$D:$D)), "【"&A22&"*") -> 105 | E22: =COUNTIF(外線着信!$F$2:INDEX(外線着信!$F:$F, COUNTA(外線着信!$F:$F)), "【"&A22&"*") -> 104
A23: MF東京 | B23: =COUNTIF(内線通話!$E$2:INDEX(内線通話!$E:$E, COUNTA(内線通話!$E:$E)), "【"&A23&"*") -> 13 | C23: =COUNTIF(内線通話!$G$2:INDEX(内線通話!$G:$G, COUNTA(内線通話!$G:$G)), "【"&A23&"*") -> 11 | D23: =COUNTIF(外線着信!$D$2:INDEX(外線着信!$D:$D, COUNTA(外線着信!$D:$D)), "【"&A23&"*") -> 53 | E23: =COUNTIF(外線着信!$F$2:INDEX(外線着信!$F:$F, COUNTA(外線着信!$F:$F)), "【"&A23&"*") -> 49

Sheet 電話端末
A1: 内線番号 | B1: 端末名 | C1: 端末種別 | D1: メモ | E1: 作成日時
A2: 1002 | B2: 【本社経理】羽鳥由美 | C2: SAXA | E2: 2025/01/08 14:34:21
A3: 1003 | B3: 【本社経理】池上有花 | C3: SAXA | E3: 2025/01/07 14:37:16
A4: 1010 | B4: 【流山】浅沼潤也 | C4: BIZTELソフトフォン | D4: 浅沼潤也(内線のみ) | E4: 2025/01/27 13:46:35
A5: 1013 | B5: 【千葉】遠藤和行 | C5: BIZTELソフトフォン | D5: ソフトフォン継続利用(固定電話機も設置) | E5: 2021/04/23 15:00:00
A6: 1014 | B6: 【千葉】平野翔大 | C6: BIZTELソフトフォン | D6: ソフトフォン継続利用(固定電話機も設置) | E6: 2025/03/04 15:02:01
A7: 1023 | B7: 【千葉】吉川博之 | C7: BIZTELソフトフォン | D7: ソフトフォンのみ使用 | E7: 2023/09/27 13:36:20
A8: 1024 | B8: 【千葉】小島佳奈 | C8: BIZTELソフトフォン | D8: 固定電話機と併用 | E8: 2024/03/22 10:31:16
A9: 1050 | B9: 【本社】受付用電話機 | C9: その他IPフォン（rfc2833) | E9: 2022/12/07 11:28:08
A10: 1120 | B10: 【本社EC】別府菜々美 | C10: BIZTELソフトフォン | D10: ソフトフォンのみ使用 | E10: 2025/03/27 15:43:29
A11: 1121 | B11: 【本社EC】山口莉奈 | C11: BIZTELソフトフォン | D11: ソフトフォンのみ使用 | E11: 2024/09/20 14:03:04
A12: 1122 | B12: 【本社IT】松本郷 | C12: BIZTELソフトフォン | D12: ソフトフォンのみ使用 | E12: 2022/12/14 15:40:44
A13: 1123 | B13: 【本社IT】梶ヶ谷知晃 | C13: BIZTELソフトフォン | D13: ソフトフォンのみ使用 | E13: 2023/08/29 13:57:03
A14: 1124 | B14: 【本社IT】大坪航介 | C14: BIZTELソフトフォン | D14: ソフトフォンのみ使用 | E14: 2023/01/05 11:52:29
A15: 1130 | B15: 【本社EC】EC外線 | C15: BIZTELソフトフォン | D15: 【本社EC】EC外線 | E15: 2023/01/24 15:43:15
A16: 1132 | B16: 【本社EC】鈴木浩允 | C16: BIZTELソフトフォン | D16: ソフトフォンのみ使用 | E16: 2023/01/26 17:14:29
A17: 1133 | B17: 【本社EC】印藤躍 | C17: BIZTELソフトフォン | D17: ソフトフォンのみ使用 | E17: 2024/05/02 11:13:26
A18: 1134 | B18: 【本社EC】大城明日香 | C18: BIZTELソフトフォン | D18: ソフトフォンのみ使用 | E18: 2023/11/22 17:00:03
A19: 1135 | B19: 【本社IT】福原弘明 | C19: BIZTELソフトフォン | D19: ソフトフォンのみ使用 | E19: 2023/01/26 17:16:28
A20: 1136 | B20: 【本社EC】渡辺慶太 | C20: BIZTELソフトフォン | D20: ソフトフォンのみ使用 | E20: 2024/02/29 14:18:46
A21: 1137 | B21: 【本社EC】猶貞彩 | C21: BIZTELソフトフォン | D21: ソフトフォンのみ使用 | E21: 2023/01/26 17:17:31
... A32: 1155 | B32: 【本社経理】池上有花 | C32: BIZTELソフトフォン | D32: ソフトフォンのみ使用 | E32: 2023/12/22 14:21:07
A33: 1200 | B33: 【MF大阪】大村達也 | C33: BIZTELソフトフォン | E33: 2025/03/03 12:12:55
A34: 1501 | B34: 【岡山】山崎修二 | C34: BIZTELソフトフォン | D34: ソフトフォン | E34: 2025/04/15 12:34:38
A35: 1502 | B35: 【岡山】桐野敏行 | C35: BIZTELソフトフォン | D35: ソフトフォン | E35: 2025/04/15 12:35:30
A36: 1503 | B36: 【岡山】矢野夏絵 | C36: BIZTELソフトフォン | D36: ソフトフォン継続利用(固定電話機も設置) | E36: 2023/03/02 14:55:44
A37: 1504 | B37: 【岡山】岩佐寛子 | C37: BIZTELソフトフォン | D37: ソフトフォン継続利用(固定電話機も設置) | E37: 2023/03/02 14:55:44
A38: 1506 | B38: 【岡山】伊藤優 | C38: BIZTELソフトフォン | D38: ソフトフォン継続利用(固定電話機も設置) | E38: 2023/03/02 14:55:44
A39: 1507 | B39: 【岡山】北添恵 | C39: BIZTELソフトフォン | D39: ソフトフォン継続利用(固定電話機も設置) | E39: 2023/03/02 14:55:44
A40: 1508 | B40: 【岡山】武政彩果 | C40: BIZTELソフトフォン | D40: ソフトフォン継続利用(固定電話機も設置) | E40: 2023/03/02 14:55:44
A41: 2000 | B41: 【MF大阪】受付電話 | C41: その他IPフォン（rfc2833) | E41: 2024/12/04 16:04:03
A42: 2001 | B42: 【MF大阪】高橋雅樹 | C42: SAXA | E42: 2024/12/03 19:10:09
A43: 2002 | B43: 【MF大阪】西村公宏 | C43: SAXA | E43: 2024/12/03 19:10:10
A44: 2003 | B44: 【MF大阪】高村一美 | C44: SAXA | E44: 2024/12/03 19:10:09
A45: 2004 | B45: 【MF大阪】西村浩和 | C45: SAXA | E45: 2024/12/03 19:10:10
A46: 2005 | B46: 【MF大阪】多田哲平 | C46: SAXA | E46: 2024/12/03 19:10:09
A47: 2006 | B47: 【MF大阪】吉田亮 | C47: SAXA | E47: 2024/12/03 19:11:15
A48: 2007 | B48: 【MF大阪】高龍大 | C48: SAXA | E48: 2024/12/03 19:10:08
A49: 2008 | B49: 【MF大阪】松尾一誠 | C49: SAXA | E49: 2024/12/03 19:11:14
A50: 2009 | B50: 【MF大阪】橋本雅 | C50: SAXA | E50: 2024/12/03 19:10:11
A51: 2010 | B51: 【MF大阪】大村達也 | C51: SAXA | E51: 2024/12/03 19:11:16
A52: 2011 | B52: 【MF大阪】上甲なつみ | C52: SAXA | E52: 2024/12/03 19:10:08
... A89: 3006 | B89: 【東京】田邉七海 | C89: SAXA | E89: 2023/08/25 19:30:42
A90: 3007 | B90: 【東京】浦野鉄平 | C90: SAXA | D90: ソフトフォンをメインで使用 | E90: 2023/08/25 19:31:19
A91: 3008 | B91: 【東京】片桐芳夫 | C91: SAXA | E91: 2023/08/25 19:31:48
A92: 3009 | B92: 【東京】中風裕司 | C92: SAXA | E92: 2023/08/25 19:32:18
A93: 3010 | B93: 【東京】豊島亮 | C93: SAXA | E93: 2023/08/25 19:32:51
A94: 3011 | B94: 【東京】玉川圭介 | C94: SAXA | E94: 2023/08/25 19:33:21
A95: 3012 | B95: 【東京】徳島隆廣 | C95: SAXA | E95: 2023/08/25 19:33:48
A96: 3013 | B96: 【東京】共用 | C96: SAXA | E96: 2024/05/20 12:34:10
A97: 3014 | B97: 【東京】坂田智世 | C97: SAXA | E97: 2024/12/10 15:28:09
A98: 3050 | B98: 【本社IT】池田達也(空き) | C98: SAXA | E98: 2023/08/07 12:13:33
A99: 3051 | B99: 【本社】空き | C99: SAXA | E99: 2023/08/07 12:13:59
A100: 3052 | B100: 【本社購買】山口泰彦 | C100: SAXA | E100: 2023/08/07 12:14:24
A101: 3054 | B101: 【本社総務】吉田亜依 | C101: SAXA | E101: 2023/08/07 12:15:20
A102: 3055 | B102: 【本社総務】赤羽恵理 | C102: SAXA | E102: 2023/08/07 12:15:44
... A146: 3303 | B146: 【千葉】平野翔大 | C146: SAXA | E146: 2023/08/01 15:50:09
A147: 3304 | B147: 【千葉】遠藤和行 | C147: SAXA | D147: ソフトフォンをメインで使用 | E147: 2023/08/01 15:50:26
A148: 3350 | B148: 【名古屋】稲垣みちる | C148: SAXA | E148: 2023/08/07 12:04:57
A149: 3351 | B149: 【名古屋】水島奈美 | C149: SAXA | E149: 2023/08/07 12:06:09
A150: 3352 | B150: 【名古屋】大渕温子 | C150: SAXA | E150: 2023/08/07 12:06:45
A151: 3353 | B151: 【名古屋】加藤周平 | C151: SAXA | E151: 2023/08/07 12:08:00
A152: 3354 | B152: 【名古屋】荻原由嗣 | C152: SAXA | E152: 2023/08/07 12:08:23
A153: 3355 | B153: 【名古屋】玉腰千恵 | C153: SAXA | E153: 2023/08/07 12:09:22
A154: 3356 | B154: 【名古屋】髙木昂平 | C154: SAXA | E154: 2023/08/07 12:09:50
A155: 3400 | B155: 【滋賀】北出智子 | C155: SAXA | E155: 2023/08/07 12:10:43
A156: 3401 | B156: 【滋賀】梅原薫 | C156: SAXA | E156: 2023/08/07 12:11:20
A157: 3402 | B157: 【滋賀】松井治美 | C157: SAXA | E157: 2023/08/07 12:11:46
A158: 3403 | B158: 【滋賀】筆坂雪子 | C158: SAXA | E158: 2023/09/14 16:37:34
A159: 3404 | B159: 【滋賀】木下応祥 | C159: SAXA | E159: 2023/08/07 12:12:10
... A167: 3456 | B167: 【大阪】畑中博孝 | C167: SAXA | E167: 2023/08/17 16:58:26
A168: 3500 | B168: 【岡山】矢野夏絵 | C168: SAXA | D168: ソフトフォンをメインで使用 | E168: 2023/08/17 16:59:06
A169: 3501 | B169: 【岡山】岩佐寛子 | C169: SAXA | D169: ソフトフォンをメインで使用 | E169: 2023/08/17 17:00:19
A170: 3502 | B170: 【岡山】伊藤優 | C170: SAXA | D170: ソフトフォンをメインで使用 | E170: 2023/08/17 17:04:23
A171: 3503 | B171: 【岡山】北添恵 | C171: SAXA | D171: ソフトフォンをメインで使用 | E171: 2023/08/17 17:05:15
A172: 3504 | B172: 【岡山】武政彩果 | C172: SAXA | D172: ソフトフォンをメインで使用 | E172: 2023/08/17 17:06:03
A173: 3505 | B173: 【岡山】桐野敏行(空き) | C173: SAXA | E173: 2023/08/17 17:06:46
A174: 3506 | B174: 【岡山】河原由布子 | C174: SAXA | E174: 2023/08/17 17:07:22
A175: 3507 | B175: 【岡山】山崎修二 | C175: SAXA | E175: 2023/08/17 17:07:55
A176: 3508 | B176: 【岡山】岸本麻衣子 | C176: SAXA | E176: 2024/02/05 09:58:48
A177: 3550 | B177: 【広島】藤原輝己 | C177: SAXA | E177: 2023/09/05 09:38:38
A178: 3551 | B178: 【広島】小先純平 | C178: SAXA | E178: 2023/09/05 09:39:01
A179: 3600 | B179: 【福岡】松尾明日香 | C179: SAXA | E179: 2023/08/02 17:17:42
A180: 3601 | B180: 【福岡】松添愛 | C180: SAXA | E180: 2023/08/02 17:18:28
A181: 3602 | B181: 【福岡】山崎芹奈 | C181: SAXA | E181: 2023/08/02 17:23:28
A182: 3603 | B182: 【福岡】重松宝成 | C182: SAXA | E182: 2023/08/02 17:24:51
A183: 3604 | B183: 【福岡】奥薗美和 | C183: SAXA | E183: 2023/08/02 17:25:15
A184: 3605 | B184: 【福岡】手塚竜也 | C184: SAXA | E184: 2023/08/02 17:25:57
... A199: 3902 | B199: 【多摩】高久啓汰 | C199: SAXA | E199: 2024/10/24 12:31:14
A200: 5000 | B200: 【千葉】着信グループ | D200: 【千葉】着信グループ | E200: 2021/03/17 13:21:41
A201: 5001 | B201: 【東京】着信グループ | D201: 【東京】着信グループ | E201: 2021/04/05 14:19:02
A202: 5002 | B202: 【千葉】8時45分～10時00分着信 | D202: 【千葉】8時45分～10時00分着信 | E202: 2021/05/14 16:51:17
A203: 5003 | B203: 【流山】着信グループ | D203: 【流山】着信グループ | E203: 2021/11/01 13:54:59
A204: 5004 | B204: 【埼玉】着信グループ | D204: 【埼玉】着信グループ | E204: 2021/11/01 14:11:02
A205: 5005 | B205: 【流山】着信（東京へ転送しない） | D205: 【流山】着信（東京へ転送しない） | E205: 2021/11/26 11:57:36
A206: 5006 | B206: 【流山】12:00～13:00お昼休み | D206: 【流山】12:00～13:00お昼休み | E206: 2024/07/12 12:35:18
A207: 5007 | B207: 【千葉】12:00～13:00お昼休み | D207: 【千葉】12:00～13:00お昼休み | E207: 2024/07/18 15:59:27
A208: 5008 | B208: 【千葉】営業時間外着信音設定(10秒) | D208: 【千葉】営業時間外着信音設定(10秒) | E208: 2024/08/19 12:44:45
A209: 5009 | B209: 【千葉】千葉・東京同時着電 | D209: 【千葉】千葉・東京同時着電 | E209: 2024/08/22 09:34:36
A210: 5011 | B210: 【東京】営業時間外着信音設定(10秒) | D210: 【東京】営業時間外着信音設定(10秒) | E210: 2023/03/28 15:23:21
...

Sheet 内線通話
A1: 時刻 | B1: 発信番号 | C1: 発信者 | D1: 着信番号 | E1: 着信者 | F1: 最終着信番号 | G1: 最終着信者 | H1: 通話時間（応答までの時間を含む） | I1: 通話時間 | J1: メモ | K1: リクエストID
A2: 45940.8 | B2: 1132 | C2: =IFERROR(VLOOKUP(B2,電話端末!$A$2:$E$284,2,FALSE),"不在") -> 【本社EC】鈴木浩允 | D2: 2025 | E2: =IFERROR(VLOOKUP(D2,電話端末!$A$2:$E$284,2,FALSE),"不在") -> 【MF大阪】後垣幸恵 | F2: 2025 | G2: =IFERROR(VLOOKUP(F2,電話端末!$A$2:$D$284,2,FALSE),"不在") -> 【MF大阪】後垣幸恵 | H2: 108 | I2: 106 | K2: 2.5101001e+19
A3: 45940.797 | B3: 2100 | C3: =IFERROR(VLOOKUP(B3,電話端末!$A$2:$E$284,2,FALSE),"不在") -> 【MF東京】大月紀史 | D3: 2013 | E3: =IFERROR(VLOOKUP(D3,電話端末!$A$2:$E$284,2,FALSE),"不在") -> 【MF大阪】牧聡美 | G3: =IFERROR(VLOOKUP(F3,電話端末!$A$2:$D$284,2,FALSE),"不在") -> 不在 | H3: 17 | I3: 0 | K3: 2.5101001e+19
A4: 45940.796 | B4: 2100 | C4: =IFERROR(VLOOKUP(B4,電話端末!$A$2:$E$284,2,FALSE),"不在") -> 【MF東京】大月紀史 | D4: 2016 | E4: =IFERROR(VLOOKUP(D4,電話端末!$A$2:$E$284,2,FALSE),"不在") -> 【MF大阪】濱尾香 | G4: =IFERROR(VLOOKUP(F4,電話端末!$A$2:$D$284,2,FALSE),"不在") -> 不在 | H4: 17 | I4: 0 | K4: 2.5101001e+19
A5: 45940.768 | B5: 2100 | C5: =IFERROR(VLOOKUP(B5,電話端末!$A$2:$E$284,2,FALSE),"不在") -> 【MF東京】大月紀史 | D5: 2001 | E5: =IFERROR(VLOOKUP(D5,電話端末!$A$2:$E$284,2,FALSE),"不在") -> 【MF大阪】高橋雅樹 | G5: =IFERROR(VLOOKUP(F5,電話端末!$A$2:$D$284,2,FALSE),"不在") -> 不在 | H5: 12 | I5: 0 | K5: 2.5101001e+19
A6: 45940.762 | B6: 2001 | C6: =IFERROR(VLOOKUP(B6,電話端末!$A$2:$E$284,2,FALSE),"不在") -> 【MF大阪】高橋雅樹 | D6: 2109 | E6: =IFERROR(VLOOKUP(D6,電話端末!$A$2:$E$284,2,FALSE),"不在") -> 【MF東京】吉澤拓也 | F6: 2109 | G6: =IFERROR(VLOOKUP(F6,電話端末!$A$2:$D$284,2,FALSE),"不在") -> 【MF東京】吉澤拓也 | H6: 100 | I6: 98 | K6: 2.5101001e+19
A7: 45940.761 | B7: 2001 | C7: =IFERROR(VLOOKUP(B7,電話端末!$A$2:$E$284,2,FALSE),"不在") -> 【MF大阪】高橋雅樹 | D7: 2107 | E7: =IFERROR(VLOOKUP(D7,電話端末!$A$2:$E$284,2,FALSE),"不在") -> 【MF東京】我有一哲 | F7: 2107 | G7: =IFERROR(VLOOKUP(F7,電話端末!$A$2:$D$284,2,FALSE),"不在") -> 【MF東京】我有一哲 | H7: 39 | I7: 34 | K7: 2.5101001e+19
A8: 45940.759 | B8: 2010 | C8: =IFERROR(VLOOKUP(B8,電話端末!$A$2:$E$284,2,FALSE),"不在") -> 【MF大阪】大村達也 | D8: 1136 | E8: =IFERROR(VLOOKUP(D8,電話端末!$A$2:$E$284,2,FALSE),"不在") -> 【本社EC】渡辺慶太 | F8: 1136 | G8: =IFERROR(VLOOKUP(F8,電話端末!$A$2:$D$284,2,FALSE),"不在") -> 【本社EC】渡辺慶太 | H8: 185 | I8: 179 | K8: 2.5101001e+19
A9: 45940.756 | B9: 3059 | C9: =IFERROR(VLOOKUP(B9,電話端末!$A$2:$E$284,2,FALSE),"不在") -> 【本社在庫物流課】黒田靖広 | D9: 2002 | E9: =IFERROR(VLOOKUP(D9,電話端末!$A$2:$E$284,2,FALSE),"不在") -> 【MF大阪】西村公宏 | F9: 2002 | G9: =IFERROR(VLOOKUP(F9,電話端末!$A$2:$D$284,2,FALSE),"不在") -> 【MF大阪】西村公宏 | H9: 95 | I9: 90 | K9: 2.5101001e+19
A10: 45940.754 | B10: 1132 | C10: =IFERROR(VLOOKUP(B10,電話端末!$A$2:$E$284,2,FALSE),"不在") -> 【本社EC】鈴木浩允 | D10: 2010 | E10: =IFERROR(VLOOKUP(D10,電話端末!$A$2:$E$284,2,FALSE),"不在") -> 【MF大阪】大村達也 | F10: 2003 | G10: =IFERROR(VLOOKUP(F10,電話端末!$A$2:$D$284,2,FALSE),"不在") -> 【MF大阪】高村一美 | H10: 372 | I10: 362 | K10: 2.5101001e+19
A11: 45940.753 | B11: 1010 | C11: =IFERROR(VLOOKUP(B11,電話端末!$A$2:$E$284,2,FALSE),"不在") -> 【流山】浅沼潤也 | D11: 3011 | E11: =IFERROR(VLOOKUP(D11,電話端末!$A$2:$E$284,2,FALSE),"不在") -> 【東京】玉川圭介 | F11: 3011 | G11: =IFERROR(VLOOKUP(F11,電話端末!$A$2:$D$284,2,FALSE),"不在") -> 【東京】玉川圭介 | H11: 88 | I11: 69 | K11: 2.5101001e+19
A12: 45940.752 | B12: 3154 | C12: =IFERROR(VLOOKUP(B12,電話端末!$A$2:$E$284,2,FALSE),"不在") -> 【埼玉】竹内梓 | D12: 3500 | E12: =IFERROR(VLOOKUP(D12,電話端末!$A$2:$E$284,2,FALSE),"不在") -> 【岡山】矢野夏絵 | F12: 3500 | G12: =IFERROR(VLOOKUP(F12,電話端末!$A$2:$D$284,2,FALSE),"不在") -> 【岡山】矢野夏絵 | H12: 60 | I12: 57 | K12: 2.5101001e+19
A13: 45940.748 | B13: 3500 | C13: =IFERROR(VLOOKUP(B13,電話端末!$A$2:$E$284,2,FALSE),"不在") -> 【岡山】矢野夏絵 | D13: 5004 | E13: =IFERROR(VLOOKUP(D13,電話端末!$A$2:$E$284,2,FALSE),"不在") -> 【埼玉】着信グループ | F13: 3154 | G13: =IFERROR(VLOOKUP(F13,電話端末!$A$2:$D$284,2,FALSE),"不在") -> 【埼玉】竹内梓 | H13: 167 | I13: 164 | K13: 2.5101001e+19
A14: 45940.747 | B14: 3500 | C14: =IFERROR(VLOOKUP(B14,電話端末!$A$2:$E$284,2,FALSE),"不在") -> 【岡山】矢野夏絵 | D14: 5490 | E14: =IFERROR(VLOOKUP(D14,電話端末!$A$2:$E$284,2,FALSE),"不在") -> 【滋賀】着信グループ | G14: =IFERROR(VLOOKUP(F14,電話端末!$A$2:$D$284,2,FALSE),"不在") -> 不在 | H14: 11 | I14: 0 | K14: 2.5101001e+19
A15: 45940.743 | B15: 1122 | C15: =IFERROR(VLOOKUP(B15,電話端末!$A$2:$E$284,2,FALSE),"不在") -> 【本社IT】松本郷 | D15: 2027 | E15: =IFERROR(VLOOKUP(D15,電話端末!$A$2:$E$284,2,FALSE),"不在") -> 【MF大阪】平山孝潤 | F15: 2027 | G15: =IFERROR(VLOOKUP(F15,電話端末!$A$2:$D$284,2,FALSE),"不在") -> 【MF大阪】平山孝潤 | H15: 169 | I15: 166 | K15: 2.5101001e+19
A16: 45940.742 | B16: 3902 | C16: =IFERROR(VLOOKUP(B16,電話端末!$A$2:$E$284,2,FALSE),"不在") -> 【多摩】高久啓汰 | D16: 3105 | E16: =IFERROR(VLOOKUP(D16,電話端末!$A$2:$E$284,2,FALSE),"不在") -> 【横浜】川崎瞳 | G16: =IFERROR(VLOOKUP(F16,電話端末!$A$2:$D$284,2,FALSE),"不在") -> 不在 | H16: 36 | I16: 0 | K16: 2.5101001e+19
A17: 45940.74 | B17: 3003 | C17: =IFERROR(VLOOKUP(B17,電話端末!$A$2:$E$284,2,FALSE),"不在") -> 【東京】林まど佳 | D17: 2107 | E17: =IFERROR(VLOOKUP(D17,電話端末!$A$2:$E$284,2,FALSE),"不在") -> 【MF東京】我有一哲 | F17: 2107 | G17: =IFERROR(VLOOKUP(F17,電話端末!$A$2:$D$284,2,FALSE),"不在") -> 【MF東京】我有一哲 | H17: 39 | I17: 14 | K17: 2.5101001e+19
A18: 45940.739 | B18: 3551 | C18: =IFERROR(VLOOKUP(B18,電話端末!$A$2:$E$284,2,FALSE),"不在") -> 【広島】小先純平 | D18: 3600 | E18: =IFERROR(VLOOKUP(D18,電話端末!$A$2:$E$284,2,FALSE),"不在") -> 【福岡】松尾明日香 | G18: =IFERROR(VLOOKUP(F18,電話端末!$A$2:$D$284,2,FALSE),"不在") -> 不在 | H18: 11 | I18: 0 | K18: 2.5101001e+19
A19: 45940.739 | B19: 3003 | C19: =IFERROR(VLOOKUP(B19,電話端末!$A$2:$E$284,2,FALSE),"不在") -> 【東京】林まど佳 | D19: 2107 | E19: =IFERROR(VLOOKUP(D19,電話端末!$A$2:$E$284,2,FALSE),"不在") -> 【MF東京】我有一哲 | G19: =IFERROR(VLOOKUP(F19,電話端末!$A$2:$D$284,2,FALSE),"不在") -> 不在 | H19: 23 | I19: 0 | K19: 2.5101001e+19
A20: 45940.739 | B20: 3551 | C20: =IFERROR(VLOOKUP(B20,電話端末!$A$2:$E$284,2,FALSE),"不在") -> 【広島】小先純平 | D20: 3603 | E20: =IFERROR(VLOOKUP(D20,電話端末!$A$2:$E$284,2,FALSE),"不在") -> 【福岡】重松宝成 | G20: =IFERROR(VLOOKUP(F20,電話端末!$A$2:$D$284,2,FALSE),"不在") -> 不在 | H20: 9 | I20: 0 | K20: 2.5101001e+19
A21: 45940.739 | B21: 3450 | C21: =IFERROR(VLOOKUP(B21,電話端末!$A$2:$E$284,2,FALSE),"不在") -> 【大阪】松下愛 | D21: 3501 | E21: =IFERROR(VLOOKUP(D21,電話端末!$A$2:$E$284,2,FALSE),"不在") -> 【岡山】岩佐寛子 | F21: 1504 | G21: =IFERROR(VLOOKUP(F21,電話端末!$A$2:$D$284,2,FALSE),"不在") -> 【岡山】岩佐寛子 | H21: 88 | I21: 83 | K21: 2.5101001e+19
A22: 45940.737 | B22: 2107 | C22: =IFERROR(VLOOKUP(B22,電話端末!$A$2:$E$284,2,FALSE),"不在") -> 【MF東京】我有一哲 | D22: 5001 | E22: =IFERROR(VLOOKUP(D22,電話端末!$A$2:$E$284,2,FALSE),"不在") -> 【東京】着信グループ | F22: 3003 | G22: =IFERROR(VLOOKUP(F22,電話端末!$A$2:$D$284,2,FALSE),"不在") -> 【東京】林まど佳 | H22: 72 | I22: 68 | K22: 2.5101001e+19
A23: 45940.736 | B23: 3551 | C23: =IFERROR(VLOOKUP(B23,電話端末!$A$2:$E$284,2,FALSE),"不在") -> 【広島】小先純平 | D23: 3603 | E23: =IFERROR(VLOOKUP(D23,電話端末!$A$2:$E$284,2,FALSE),"不在") -> 【福岡】重松宝成 | G23: =IFERROR(VLOOKUP(F23,電話端末!$A$2:$D$284,2,FALSE),"不在") -> 不在 | H23: 12 | I23: 0 | K23: 2.5101001e+19
A24: 45940.736 | B24: 1010 | C24: =IFERROR(VLOOKUP(B24,電話端末!$A$2:$E$284,2,FALSE),"不在") -> 【流山】浅沼潤也 | D24: 3752 | E24: =IFERROR(VLOOKUP(D24,電話端末!$A$2:$E$284,2,FALSE),"不在") -> 【流山】石田拓海 | F24: 3752 | G24: =IFERROR(VLOOKUP(F24,電話端末!$A$2:$D$284,2,FALSE),"不在") -> 【流山】石田拓海 | H24: 144 | I24: 142 | K24: 2.5101001e+19
A25: 45940.735 | B25: 3551 | C25: =IFERROR(VLOOKUP(B25,電話端末!$A$2:$E$284,2,FALSE),"不在") -> 【広島】小先純平 | D25: 3603 | E25: =IFERROR(VLOOKUP(D25,電話端末!$A$2:$E$284,2,FALSE),"不在") -> 【福岡】重松宝成 | G25: =IFERROR(VLOOKUP(F25,電話端末!$A$2:$D$284,2,FALSE),"不在") -> 不在 | H25: 14 | I25: 0 | K25: 2.5101001e+19
A26: 45940.733 | B26: 3156 | C26: =IFERROR(VLOOKUP(B26,電話端末!$A$2:$E$284,2,FALSE),"不在") -> 【埼玉】金子友希 | D26: 3352 | E26: =IFERROR(VLOOKUP(D26,電話端末!$A$2:$E$284,2,FALSE),"不在") -> 【名古屋】大渕温子 | F26: 3352 | G26: =IFERROR(VLOOKUP(F26,電話端末!$A$2:$D$284,2,FALSE),"不在") -> 【名古屋】大渕温子 | H26: 36 | I26: 34 | K26: 2.5101001e+19
A27: 45940.733 | B27: 3752 | C27: =IFERROR(VLOOKUP(B27,電話端末!$A$2:$E$284,2,FALSE),"不在") -> 【流山】石田拓海 | D27: 1010 | E27: =IFERROR(VLOOKUP(D27,電話端末!$A$2:$E$284,2,FALSE),"不在") -> 【流山】浅沼潤也 | F27: 1010 | G27: =IFERROR(VLOOKUP(F27,電話端末!$A$2:$D$284,2,FALSE),"不在") -> 【流山】浅沼潤也 | H27: 44 | I27: 36 | K27: 2.5101001e+19
A28: 45940.73 | B28: 3751 | C28: =IFERROR(VLOOKUP(B28,電話端末!$A$2:$E$284,2,FALSE),"不在") -> 【流山】鴻池千紗都 | D28: 5001 | E28: =IFERROR(VLOOKUP(D28,電話端末!$A$2:$E$284,2,FALSE),"不在") -> 【東京】着信グループ | F28: 3003 | G28: =IFERROR(VLOOKUP(F28,電話端末!$A$2:$D$284,2,FALSE),"不在") -> 【東京】林まど佳 | H28: 85 | I28: 83 | K28: 2.5101001e+19
A29: 45940.73 | B29: 3352 | C29: =IFERROR(VLOOKUP(B29,電話端末!$A$2:$E$284,2,FALSE),"不在") -> 【名古屋】大渕温子 | D29: 5004 | E29: =IFERROR(VLOOKUP(D29,電話端末!$A$2:$E$284,2,FALSE),"不在") -> 【埼玉】着信グループ | F29: 3156 | G29: =IFERROR(VLOOKUP(F29,電話端末!$A$2:$D$284,2,FALSE),"不在") -> 【埼玉】金子友希 | H29: 54 | I29: 50 | K29: 2.5101001e+19
A30: 45940.73 | B30: 3059 | C30: =IFERROR(VLOOKUP(B30,電話端末!$A$2:$E$284,2,FALSE),"不在") -> 【本社在庫物流課】黒田靖広 | D30: 1010 | E30: =IFERROR(VLOOKUP(D30,電話端末!$A$2:$E$284,2,FALSE),"不在") -> 【流山】浅沼潤也 | G30: =IFERROR(VLOOKUP(F30,電話端末!$A$2:$D$284,2,FALSE),"不在") -> 不在 | H30: 15 | I30: 0 | K30: 2.5101001e+19
A31: 45940.725 | B31: 3151 | C31: =IFERROR(VLOOKUP(B31,電話端末!$A$2:$E$284,2,FALSE),"不在") -> 【埼玉】池田千恵子 | D31: 2102 | E31: =IFERROR(VLOOKUP(D31,電話端末!$A$2:$E$284,2,FALSE),"不在") -> 【MF東京】櫻井美菜 | F31: 2105 | G31: =IFERROR(VLOOKUP(F31,電話端末!$A$2:$D$284,2,FALSE),"不在") -> 【MF東京】伊達幸子 | H31: 58 | I31: 52 | K31: 2.5101001e+19
A32: 45940.722 | B32: 3902 | C32: =IFERROR(VLOOKUP(B32,電話端末!$A$2:$E$284,2,FALSE),"不在") -> 【多摩】高久啓汰 | D32: 3107 | E32: =IFERROR(VLOOKUP(D32,電話端末!$A$2:$E$284,2,FALSE),"不在") -> 【横浜】中山満里奈 | F32: 3107 | G32: =IFERROR(VLOOKUP(F32,電話端末!$A$2:$D$284,2,FALSE),"不在") -> 【横浜】中山満里奈 | H32: 26 | I32: 23 | K32: 2.5101001e+19
A33: 45940.72 | B33: 3054 | C33: =IFERROR(VLOOKUP(B33,電話端末!$A$2:$E$284,2,FALSE),"不在") -> 【本社総務】吉田亜依 | D33: 2025 | E33: =IFERROR(VLOOKUP(D33,電話端末!$A$2:$E$284,2,FALSE),"不在") -> 【MF大阪】後垣幸恵 | F33: 2019 | G33: =IFERROR(VLOOKUP(F33,電話端末!$A$2:$D$284,2,FALSE),"不在") -> 【MF大阪】木下春河 | H33: 28 | I33: 21 | K33: 2.5101001e+19
A34: 45940.72 | B34: 2102 | C34: =IFERROR(VLOOKUP(B34,電話端末!$A$2:$E$284,2,FALSE),"不在") -> 【MF東京】櫻井美菜 | D34: 5004 | E34: =IFERROR(VLOOKUP(D34,電話端末!$A$2:$E$284,2,FALSE),"不在") -> 【埼玉】着信グループ | F34: 3154 | G34: =IFERROR(VLOOKUP(F34,電話端末!$A$2:$D$284,2,FALSE),"不在") -> 【埼玉】竹内梓 | H34: 103 | I34: 97 | K34: 2.5101001e+19
A35: 45940.714 | B35: 3055 | C35: =IFERROR(VLOOKUP(B35,電話端末!$A$2:$E$284,2,FALSE),"不在") -> 【本社総務】赤羽恵理 | D35: 2023 | E35: =IFERROR(VLOOKUP(D35,電話端末!$A$2:$E$284,2,FALSE),"不在") -> 【MF大阪】内田優美 | F35: 2011 | G35: =IFERROR(VLOOKUP(F35,電話端末!$A$2:$D$284,2,FALSE),"不在") -> 【MF大阪】上甲なつみ | H35: 46 | I35: 36 | K35: 2.5101001e+19
A36: 45940.714 | B36: 1504 | C36: =IFERROR(VLOOKUP(B36,電話端末!$A$2:$E$284,2,FALSE),"不在") -> 【岡山】岩佐寛子 | D36: 5190 | E36: =IFERROR(VLOOKUP(D36,電話端末!$A$2:$E$284,2,FALSE),"不在") -> 【福岡】着信グループ | F36: 3604 | G36: =IFERROR(VLOOKUP(F36,電話端末!$A$2:$D$284,2,FALSE),"不在") -> 【福岡】奥薗美和 | H36: 65 | I36: 60 | K36: 2.5101001e+19
A37: 45940.714 | B37: 1010 | C37: =IFERROR(VLOOKUP(B37,電話端末!$A$2:$E$284,2,FALSE),"不在") -> 【流山】浅沼潤也 | D37: 3751 | E37: =IFERROR(VLOOKUP(D37,電話端末!$A$2:$E$284,2,FALSE),"不在") -> 【流山】鴻池千紗都 | F37: 3751 | G37: =IFERROR(VLOOKUP(F37,電話端末!$A$2:$D$284,2,FALSE),"不在") -> 【流山】鴻池千紗都 | H37: 81 | I37: 79 | K37: 2.5101001e+19
A38: 45940.713 | B38: 1139 | C38: =IFERROR(VLOOKUP(B38,電話端末!$A$2:$E$284,2,FALSE),"不在") -> 【本社輸入】五戸勇気 | D38: 3103 | E38: =IFERROR(VLOOKUP(D38,電話端末!$A$2:$E$284,2,FALSE),"不在") -> 【横浜】舞智江 | F38: 3103 | G38: =IFERROR(VLOOKUP(F38,電話端末!$A$2:$D$284,2,FALSE),"不在") -> 【横浜】舞智江 | H38: 66 | I38: 64 | K38: 2.5101001e+19
A39: 45940.712 | B39: 3103 | C39: =IFERROR(VLOOKUP(B39,電話端末!$A$2:$E$284,2,FALSE),"不在") -> 【横浜】舞智江 | D39: 5551 | E39: =IFERROR(VLOOKUP(D39,電話端末!$A$2:$E$284,2,FALSE),"不在") -> 【本社】商品本部 | F39: 3059 | G39: =IFERROR(VLOOKUP(F39,電話端末!$A$2:$D$284,2,FALSE),"不在") -> 【本社在庫物流課】黒田靖広 | H39: 33 | I39: 26 | K39: 2.5101001e+19
A40: 45940.712 | B40: 3751 | C40: =IFERROR(VLOOKUP(B40,電話端末!$A$2:$E$284,2,FALSE),"不在") -> 【流山】鴻池千紗都 | D40: 3156 | E40: =IFERROR(VLOOKUP(D40,電話端末!$A$2:$E$284,2,FALSE),"不在") -> 【埼玉】金子友希 | F40: 3156 | G40: =IFERROR(VLOOKUP(F40,電話端末!$A$2:$D$284,2,FALSE),"不在") -> 【埼玉】金子友希 | H40: 124 | I40: 121 | K40: 2.5101001e+19
A41: 45940.71 | B41: 3551 | C41: =IFERROR(VLOOKUP(B41,電話端末!$A$2:$E$284,2,FALSE),"不在") -> 【広島】小先純平 | D41: 3603 | E41: =IFERROR(VLOOKUP(D41,電話端末!$A$2:$E$284,2,FALSE),"不在") -> 【福岡】重松宝成 | F41: 3603 | G41: =IFERROR(VLOOKUP(F41,電話端末!$A$2:$D$284,2,FALSE),"不在") -> 【福岡】重松宝成 | H41: 36 | I41: 31 | K41: 2.5101001e+19
A42: 45940.71 | B42: 3156 | C42: =IFERROR(VLOOKUP(B42,電話端末!$A$2:$E$284,2,FALSE),"不在") -> 【埼玉】金子友希 | D42: 3751 | E42: =IFERROR(VLOOKUP(D42,電話端末!$A$2:$E$284,2,FALSE),"不在") -> 【流山】鴻池千紗都 | G42: =IFERROR(VLOOKUP(F42,電話端末!$A$2:$D$284,2,FALSE),"不在") -> 不在 | H42: 1 | I42: 0 | K42: 2.5101001e+19
A43: 45940.709 | B43: 1010 | C43: =IFERROR(VLOOKUP(B43,電話端末!$A$2:$E$284,2,FALSE),"不在") -> 【流山】浅沼潤也 | D43: 3751 | E43: =IFERROR(VLOOKUP(D43,電話端末!$A$2:$E$284,2,FALSE),"不在") -> 【流山】鴻池千紗都 | F43: 3751 | G43: =IFERROR(VLOOKUP(F43,電話端末!$A$2:$D$284,2,FALSE),"不在") -> 【流山】鴻池千紗都 | H43: 77 | I43: 75 | K43: 2.5101001e+19
A44: 45940.709 | B44: 2106 | C44: =IFERROR(VLOOKUP(B44,電話端末!$A$2:$E$284,2,FALSE),"不在") -> 【MF東京】荒川拡 | D44: 3156 | E44: =IFERROR(VLOOKUP(D44,電話端末!$A$2:$E$284,2,FALSE),"不在") -> 【埼玉】金子友希 | F44: 3156 | G44: =IFERROR(VLOOKUP(F44,電話端末!$A$2:$D$284,2,FALSE),"不在") -> 【埼玉】金子友希 | H44: 29 | I44: 27 | K44: 2.5101001e+19
A45: 45940.708 | B45: 3003 | C45: =IFERROR(VLOOKUP(B45,電話端末!$A$2:$E$284,2,FALSE),"不在") -> 【東京】林まど佳 | D45: 3751 | E45: =IFERROR(VLOOKUP(D45,電話端末!$A$2:$E$284,2,FALSE),"不在") -> 【流山】鴻池千紗都 | F45: 3752 | G45: =IFERROR(VLOOKUP(F45,電話端末!$A$2:$D$284,2,FALSE),"不在") -> 【流山】石田拓海 | H45: 29 | I45: 23 | K45: 2.5101001e+19
A46: 45940.708 | B46: 3009 | C46: =IFERROR(VLOOKUP(B46,電話端末!$A$2:$E$284,2,FALSE),"不在") -> 【東京】中風裕司 | D46: 5600 | E46: =IFERROR(VLOOKUP(D46,電話端末!$A$2:$E$284,2,FALSE),"不在") -> 【MF東京】着信グループ | F46: 2105 | G46: =IFERROR(VLOOKUP(F46,電話端末!$A$2:$D$284,2,FALSE),"不在") -> 【MF東京】伊達幸子 | H46: 57 | I46: 53 | K46: 2.5101001e+19
A47: 45940.707 | B47: 2106 | C47: =IFERROR(VLOOKUP(B47,電話端末!$A$2:$E$284,2,FALSE),"不在") -> 【MF東京】荒川拡 | D47: 3156 | E47: =IFERROR(VLOOKUP(D47,電話端末!$A$2:$E$284,2,FALSE),"不在") -> 【埼玉】金子友希 | G47: =IFERROR(VLOOKUP(F47,電話端末!$A$2:$D$284,2,FALSE),"不在") -> 不在 | H47: 1 | I47: 0 | K47: 2.5101001e+19
A48: 45940.707 | B48: 2106 | C48: =IFERROR(VLOOKUP(B48,電話端末!$A$2:$E$284,2,FALSE),"不在") -> 【MF東京】荒川拡 | D48: 3156 | E48: =IFERROR(VLOOKUP(D48,電話端末!$A$2:$E$284,2,FALSE),"不在") -> 【埼玉】金子友希 | G48: =IFERROR(VLOOKUP(F48,電話端末!$A$2:$D$284,2,FALSE),"不在") -> 不在 | H48: 0 | I48: 0 | K48: 2.5101001e+19
A49: 45940.707 | B49: 3602 | C49: =IFERROR(VLOOKUP(B49,電話端末!$A$2:$E$284,2,FALSE),"不在") -> 【福岡】山崎芹奈 | D49: 3600 | E49: =IFERROR(VLOOKUP(D49,電話端末!$A$2:$E$284,2,FALSE),"不在") -> 【福岡】松尾明日香 | F49: 3600 | G49: =IFERROR(VLOOKUP(F49,電話端末!$A$2:$D$284,2,FALSE),"不在") -> 【福岡】松尾明日香 | H49: 77 | I49: 67 | K49: 2.5101001e+19
A50: 45940.706 | B50: 2106 | C50: =IFERROR(VLOOKUP(B50,電話端末!$A$2:$E$284,2,FALSE),"不在") -> 【MF東京】荒川拡 | D50: 3156 | E50: =IFERROR(VLOOKUP(D50,電話端末!$A$2:$E$284,2,FALSE),"不在") -> 【埼玉】金子友希 | G50: =IFERROR(VLOOKUP(F50,電話端末!$A$2:$D$284,2,FALSE),"不在") -> 不在 | H50: 1 | I50: 0 | K50: 2.5101001e+19
A51: 45940.705 | B51: 2106 | C51: =IFERROR(VLOOKUP(B51,電話端末!$A$2:$E$284,2,FALSE),"不在") -> 【MF東京】荒川拡 | D51: 3156 | E51: =IFERROR(VLOOKUP(D51,電話端末!$A$2:$E$284,2,FALSE),"不在") -> 【埼玉】金子友希 | G51: =IFERROR(VLOOKUP(F51,電話端末!$A$2:$D$284,2,FALSE),"不在") -> 不在 | H51: 0 | I51: 0 | K51: 2.5101001e+19
A52: 45940.703 | B52: 3751 | C52: =IFERROR(VLOOKUP(B52,電話端末!$A$2:$E$284,2,FALSE),"不在") -> 【流山】鴻池千紗都 | D52: 1010 | E52: =IFERROR(VLOOKUP(D52,電話端末!$A$2:$E$284,2,FALSE),"不在") -> 【流山】浅沼潤也 | F52: 1010 | G52: =IFERROR(VLOOKUP(F52,電話端末!$A$2:$D$284,2,FALSE),"不在") -> 【流山】浅沼潤也 | H52: 79 | I52: 43 | K52: 2.5101001e+19
A53: 45940.701 | B53: 3252 | C53: =IFERROR(VLOOKUP(B53,電話端末!$A$2:$E$284,2,FALSE),"不在") -> 【仙台】真壁彰子 | D53: 5551 | E53: =IFERROR(VLOOKUP(D53,電話端末!$A$2:$E$284,2,FALSE),"不在") -> 【本社】商品本部 | F53: 3059 | G53: =IFERROR(VLOOKUP(F53,電話端末!$A$2:$D$284,2,FALSE),"不在") -> 【本社在庫物流課】黒田靖広 | H53: 251 | I53: 245 | K53: 2.5101001e+19
A54: 45940.701 | B54: 3450 | C54: =IFERROR(VLOOKUP(B54,電話端末!$A$2:$E$284,2,FALSE),"不在") -> 【大阪】松下愛 | D54: 3500 | E54: =IFERROR(VLOOKUP(D54,電話端末!$A$2:$E$284,2,FALSE),"不在") -> 【岡山】矢野夏絵 | F54: 3500 | G54: =IFERROR(VLOOKUP(F54,電話端末!$A$2:$D$284,2,FALSE),"不在") -> 【岡山】矢野夏絵 | H54: 19 | I54: 17 | K54: 2.5101001e+19
A55: 45940.7 | B55: 1010 | C55: =IFERROR(VLOOKUP(B55,電話端末!$A$2:$E$284,2,FALSE),"不在") -> 【流山】浅沼潤也 | D55: 3751 | E55: =IFERROR(VLOOKUP(D55,電話端末!$A$2:$E$284,2,FALSE),"不在") -> 【流山】鴻池千紗都 | F55: 3751 | G55: =IFERROR(VLOOKUP(F55,電話端末!$A$2:$D$284,2,FALSE),"不在") -> 【流山】鴻池千紗都 | H55: 17 | I55: 13 | K55: 2.5101001e+19
A56: 45940.7 | B56: 1010 | C56: =IFERROR(VLOOKUP(B56,電話端末!$A$2:$E$284,2,FALSE),"不在") -> 【流山】浅沼潤也 | D56: 3751 | E56: =IFERROR(VLOOKUP(D56,電話端末!$A$2:$E$284,2,FALSE),"不在") -> 【流山】鴻池千紗都 | G56: =IFERROR(VLOOKUP(F56,電話端末!$A$2:$D$284,2,FALSE),"不在") -> 不在 | H56: 0 | I56: 0 | K56: 2.5101001e+19
A57: 45940.7 | B57: 1010 | C57: =IFERROR(VLOOKUP(B57,電話端末!$A$2:$E$284,2,FALSE),"不在") -> 【流山】浅沼潤也 | D57: 3751 | E57: =IFERROR(VLOOKUP(D57,電話端末!$A$2:$E$284,2,FALSE),"不在") -> 【流山】鴻池千紗都 | G57: =IFERROR(VLOOKUP(F57,電話端末!$A$2:$D$284,2,FALSE),"不在") -> 不在 | H57: 1 | I57: 0 | K57: 2.5101001e+19
A58: 45940.698 | B58: 3156 | C58: =IFERROR(VLOOKUP(B58,電話端末!$A$2:$E$284,2,FALSE),"不在") -> 【埼玉】金子友希 | D58: 5600 | E58: =IFERROR(VLOOKUP(D58,電話端末!$A$2:$E$284,2,FALSE),"不在") -> 【MF東京】着信グループ | F58: 2102 | G58: =IFERROR(VLOOKUP(F58,電話端末!$A$2:$D$284,2,FALSE),"不在") -> 【MF東京】櫻井美菜 | H58: 64 | I58: 61 | K58: 2.5101001e+19
A59: 45940.698 | B59: 3751 | C59: =IFERROR(VLOOKUP(B59,電話端末!$A$2:$E$284,2,FALSE),"不在") -> 【流山】鴻池千紗都 | D59: 1010 | E59: =IFERROR(VLOOKUP(D59,電話端末!$A$2:$E$284,2,FALSE),"不在") -> 【流山】浅沼潤也 | G59: =IFERROR(VLOOKUP(F59,電話端末!$A$2:$D$284,2,FALSE),"不在") -> 不在 | H59: 29 | I59: 0 | K59: 2.5101001e+19
A60: 45940.696 | B60: 3751 | C60: =IFERROR(VLOOKUP(B60,電話端末!$A$2:$E$284,2,FALSE),"不在") -> 【流山】鴻池千紗都 | D60: 1010 | E60: =IFERROR(VLOOKUP(D60,電話端末!$A$2:$E$284,2,FALSE),"不在") -> 【流山】浅沼潤也 | G60: =IFERROR(VLOOKUP(F60,電話端末!$A$2:$D$284,2,FALSE),"不在") -> 不在 | H60: 17 | I60: 0 | K60: 2.5101001e+19
A61: 45940.696 | B61: 3203 | C61: =IFERROR(VLOOKUP(B61,電話端末!$A$2:$E$284,2,FALSE),"不在") -> 【札幌】山田明貴人 | D61: 3251 | E61: =IFERROR(VLOOKUP(D61,電話端末!$A$2:$E$284,2,FALSE),"不在") -> 【仙台】阿部かおり | F61: 3251 | G61: =IFERROR(VLOOKUP(F61,電話端末!$A$2:$D$284,2,FALSE),"不在") -> 【仙台】阿部かおり | H61: 156 | I61: 153 | K61: 2.5101001e+19
A62: 45940.696 | B62: 3751 | C62: =IFERROR(VLOOKUP(B62,電話端末!$A$2:$E$284,2,FALSE),"不在") -> 【流山】鴻池千紗都 | D62: 1010 | E62: =IFERROR(VLOOKUP(D62,電話端末!$A$2:$E$284,2,FALSE),"不在") -> 【流山】浅沼潤也 | G62: =IFERROR(VLOOKUP(F62,電話端末!$A$2:$D$284,2,FALSE),"不在") -> 不在 | H62: 38 | I62: 0 | K62: 2.5101001e+19
A63: 45940.695 | B63: 3203 | C63: =IFERROR(VLOOKUP(B63,電話端末!$A$2:$E$284,2,FALSE),"不在") -> 【札幌】山田明貴人 | D63: 3251 | E63: =IFERROR(VLOOKUP(D63,電話端末!$A$2:$E$284,2,FALSE),"不在") -> 【仙台】阿部かおり | G63: =IFERROR(VLOOKUP(F63,電話端末!$A$2:$D$284,2,FALSE),"不在") -> 不在 | H63: 0 | I63: 0 | K63: 2.5101001e+19
A64: 45940.694 | B64: 3508 | C64: =IFERROR(VLOOKUP(B64,電話端末!$A$2:$E$284,2,FALSE),"不在") -> 【岡山】岸本麻衣子 | D64: 3450 | E64: =IFERROR(VLOOKUP(D64,電話端末!$A$2:$E$284,2,FALSE),"不在") -> 【大阪】松下愛 | F64: 3450 | G64: =IFERROR(VLOOKUP(F64,電話端末!$A$2:$D$284,2,FALSE),"不在") -> 【大阪】松下愛 | H64: 50 | I64: 36 | K64: 2.5101001e+19
A65: 45940.693 | B65: 3104 | C65: =IFERROR(VLOOKUP(B65,電話端末!$A$2:$E$284,2,FALSE),"不在") -> 【横浜】奥秋素子 | D65: 2026 | E65: =IFERROR(VLOOKUP(D65,電話端末!$A$2:$E$284,2,FALSE),"不在") -> 【MF大阪】松尾セリ菜 | F65: 2026 | G65: =IFERROR(VLOOKUP(F65,電話端末!$A$2:$D$284,2,FALSE),"不在") -> 【MF大阪】松尾セリ菜 | H65: 211 | I65: 208 | K65: 2.5101001e+19
A66: 45940.692 | B66: 3751 | C66: =IFERROR(VLOOKUP(B66,電話端末!$A$2:$E$284,2,FALSE),"不在") -> 【流山】鴻池千紗都 | D66: 1010 | E66: =IFERROR(VLOOKUP(D66,電話端末!$A$2:$E$284,2,FALSE),"不在") -> 【流山】浅沼潤也 | F66: 1010 | G66: =IFERROR(VLOOKUP(F66,電話端末!$A$2:$D$284,2,FALSE),"不在") -> 【流山】浅沼潤也 | H66: 32 | I66: 26 | K66: 2.5101001e+19
A67: 45940.692 | B67: 3203 | C67: =IFERROR(VLOOKUP(B67,電話端末!$A$2:$E$284,2,FALSE),"不在") -> 【札幌】山田明貴人 | D67: 3251 | E67: =IFERROR(VLOOKUP(D67,電話端末!$A$2:$E$284,2,FALSE),"不在") -> 【仙台】阿部かおり | F67: 3251 | G67: =IFERROR(VLOOKUP(F67,電話端末!$A$2:$D$284,2,FALSE),"不在") -> 【仙台】阿部かおり | H67: 22 | I67: 19 | K67: 2.5101001e+19
A68: 45940.691 | B68: 3603 | C68: =IFERROR(VLOOKUP(B68,電話端末!$A$2:$E$284,2,FALSE),"不在") -> 【福岡】重松宝成 | D68: 3551 | E68: =IFERROR(VLOOKUP(D68,電話端末!$A$2:$E$284,2,FALSE),"不在") -> 【広島】小先純平 | F68: 3551 | G68: =IFERROR(VLOOKUP(F68,電話端末!$A$2:$D$284,2,FALSE),"不在") -> 【広島】小先純平 | H68: 136 | I68: 126 | K68: 2.5101001e+19
A69: 45940.691 | B69: 2101 | C69: =IFERROR(VLOOKUP(B69,電話端末!$A$2:$E$284,2,FALSE),"不在") -> 【MF東京】山中雅仁 | D69: 5280 | E69: =IFERROR(VLOOKUP(D69,電話端末!$A$2:$E$284,2,FALSE),"不在") -> 【横浜】着信グループ | F69: 3102 | G69: =IFERROR(VLOOKUP(F69,電話端末!$A$2:$D$284,2,FALSE),"不在") -> 【横浜】吉田玲 | H69: 148 | I69: 146 | K69: 2.5101001e+19
A70: 45940.691 | B70: 3351 | C70: =IFERROR(VLOOKUP(B70,電話端末!$A$2:$E$284,2,FALSE),"不在") -> 【名古屋】水島奈美 | D70: 3352 | E70: =IFERROR(VLOOKUP(D70,電話端末!$A$2:$E$284,2,FALSE),"不在") -> 【名古屋】大渕温子 | F70: 3352 | G70: =IFERROR(VLOOKUP(F70,電話端末!$A$2:$D$284,2,FALSE),"不在") -> 【名古屋】大渕温子 | H70: 113 | I70: 112 | K70: 2.5101001e+19
A71: 45940.69 | B71: 3751 | C71: =IFERROR(VLOOKUP(B71,電話端末!$A$2:$E$284,2,FALSE),"不在") -> 【流山】鴻池千紗都 | D71: 1010 | E71: =IFERROR(VLOOKUP(D71,電話端末!$A$2:$E$284,2,FALSE),"不在") -> 【流山】浅沼潤也 | F71: 1010 | G71: =IFERROR(VLOOKUP(F71,電話端末!$A$2:$D$284,2,FALSE),"不在") -> 【流山】浅沼潤也 | H71: 31 | I71: 25 | K71: 2.5101001e+19
A72: 45940.69 | B72: 3251 | C72: =IFERROR(VLOOKUP(B72,電話端末!$A$2:$E$284,2,FALSE),"不在") -> 【仙台】阿部かおり | D72: 3203 | E72: =IFERROR(VLOOKUP(D72,電話端末!$A$2:$E$284,2,FALSE),"不在") -> 【札幌】山田明貴人 | G72: =IFERROR(VLOOKUP(F72,電話端末!$A$2:$D$284,2,FALSE),"不在") -> 不在 | H72: 1 | I72: 0 | K72: 2.5101001e+19
A73: 45940.689 | B73: 3101 | C73: =IFERROR(VLOOKUP(B73,電話端末!$A$2:$E$284,2,FALSE),"不在") -> 【横浜】山﨑啓右 | D73: 5001 | E73: =IFERROR(VLOOKUP(D73,電話端末!$A$2:$E$284,2,FALSE),"不在") -> 【東京】着信グループ | F73: 3002 | G73: =IFERROR(VLOOKUP(F73,電話端末!$A$2:$D$284,2,FALSE),"不在") -> 【東京】佐々木美咲 | H73: 77 | I73: 76 | K73: 2.5101001e+19
A74: 45940.688 | B74: 3151 | C74: =IFERROR(VLOOKUP(B74,電話端末!$A$2:$E$284,2,FALSE),"不在") -> 【埼玉】池田千恵子 | D74: 5552 | E74: =IFERROR(VLOOKUP(D74,電話端末!$A$2:$E$284,2,FALSE),"不在") -> 【本社】経理 | F74: 1003 | G74: =IFERROR(VLOOKUP(F74,電話端末!$A$2:$D$284,2,FALSE),"不在") -> 【本社経理】池上有花 | H74: 103 | I74: 100 | K74: 2.5101001e+19
A75: 45940.685 | B75: 3603 | C75: =IFERROR(VLOOKUP(B75,電話端末!$A$2:$E$284,2,FALSE),"不在") -> 【福岡】重松宝成 | D75: 3600 | E75: =IFERROR(VLOOKUP(D75,電話端末!$A$2:$E$284,2,FALSE),"不在") -> 【福岡】松尾明日香 | G75: =IFERROR(VLOOKUP(F75,電話端末!$A$2:$D$284,2,FALSE),"不在") -> 不在 | H75: 0 | I75: 0 | K75: 2.5101001e+19
A76: 45940.685 | B76: 3603 | C76: =IFERROR(VLOOKUP(B76,電話端末!$A$2:$E$284,2,FALSE),"不在") -> 【福岡】重松宝成 | D76: 3601 | E76: =IFERROR(VLOOKUP(D76,電話端末!$A$2:$E$284,2,FALSE),"不在") -> 【福岡】松添愛 | F76: 3601 | G76: =IFERROR(VLOOKUP(F76,電話端末!$A$2:$D$284,2,FALSE),"不在") -> 【福岡】松添愛 | H76: 81 | I76: 78 | K76: 2.5101001e+19
A77: 45940.684 | B77: 3251 | C77: =IFERROR(VLOOKUP(B77,電話端末!$A$2:$E$284,2,FALSE),"不在") -> 【仙台】阿部かおり | D77: 3203 | E77: =IFERROR(VLOOKUP(D77,電話端末!$A$2:$E$284,2,FALSE),"不在") -> 【札幌】山田明貴人 | G77: =IFERROR(VLOOKUP(F77,電話端末!$A$2:$D$284,2,FALSE),"不在") -> 不在 | H77: 16 | I77: 0 | K77: 2.5101001e+19
A78: 45940.684 | B78: 3350 | C78: =IFERROR(VLOOKUP(B78,電話端末!$A$2:$E$284,2,FALSE),"不在") -> 【名古屋】稲垣みちる | D78: 3352 | E78: =IFERROR(VLOOKUP(D78,電話端末!$A$2:$E$284,2,FALSE),"不在") -> 【名古屋】大渕温子 | F78: 3352 | G78: =IFERROR(VLOOKUP(F78,電話端末!$A$2:$D$284,2,FALSE),"不在") -> 【名古屋】大渕温子 | H78: 87 | I78: 83 | K78: 2.5101001e+19
A79: 45940.684 | B79: 1139 | C79: =IFERROR(VLOOKUP(B79,電話端末!$A$2:$E$284,2,FALSE),"不在") -> 【本社輸入】五戸勇気 | D79: 3152 | E79: =IFERROR(VLOOKUP(D79,電話端末!$A$2:$E$284,2,FALSE),"不在") -> 【埼玉】細田昌子 | F79: 3152 | G79: =IFERROR(VLOOKUP(F79,電話端末!$A$2:$D$284,2,FALSE),"不在") -> 【埼玉】細田昌子 | H79: 51 | I79: 49 | K79: 2.5101001e+19
A80: 45940.683 | B80: 2010 | C80: =IFERROR(VLOOKUP(B80,電話端末!$A$2:$E$284,2,FALSE),"不在") -> 【MF大阪】大村達也 | D80: 1136 | E80: =IFERROR(VLOOKUP(D80,電話端末!$A$2:$E$284,2,FALSE),"不在") -> 【本社EC】渡辺慶太 | F80: 1136 | G80: =IFERROR(VLOOKUP(F80,電話端末!$A$2:$D$284,2,FALSE),"不在") -> 【本社EC】渡辺慶太 | H80: 90 | I80: 84 | K80: 2.5101001e+19
A81: 45940.68 | B81: 3351 | C81: =IFERROR(VLOOKUP(B81,電話端末!$A$2:$E$284,2,FALSE),"不在") -> 【名古屋】水島奈美 | D81: 3352 | E81: =IFERROR(VLOOKUP(D81,電話端末!$A$2:$E$284,2,FALSE),"不在") -> 【名古屋】大渕温子 | F81: 3352 | G81: =IFERROR(VLOOKUP(F81,電話端末!$A$2:$D$284,2,FALSE),"不在") -> 【名古屋】大渕温子 | H81: 88 | I81: 87 | K81: 2.5101001e+19
A82: 45940.679 | B82: 3160 | C82: =IFERROR(VLOOKUP(B82,電話端末!$A$2:$E$284,2,FALSE),"不在") -> 【埼玉】石川恵理 | D82: 0480 | E82: =IFERROR(VLOOKUP(D82,電話端末!$A$2:$E$284,2,FALSE),"不在") -> 不在 | G82: =IFERROR(VLOOKUP(F82,電話端末!$A$2:$D$284,2,FALSE),"不在") -> 不在 | H82: 0 | I82: 0 | K82: 2.5101001e+19
A83: 45940.679 | B83: 3152 | C83: =IFERROR(VLOOKUP(B83,電話端末!$A$2:$E$284,2,FALSE),"不在") -> 【埼玉】細田昌子 | D83: 3302 | E83: =IFERROR(VLOOKUP(D83,電話端末!$A$2:$E$284,2,FALSE),"不在") -> 【千葉】菊地寿治 | F83: 3304 | G83: =IFERROR(VLOOKUP(F83,電話端末!$A$2:$D$284,2,FALSE),"不在") -> 【千葉】遠藤和行 | H83: 57 | I83: 51 | K83: 2.5101001e+19
A84: 45940.677 | B84: 3352 | C84: =IFERROR(VLOOKUP(B84,電話端末!$A$2:$E$284,2,FALSE),"不在") -> 【名古屋】大渕温子 | D84: 3056 | E84: =IFERROR(VLOOKUP(D84,電話端末!$A$2:$E$284,2,FALSE),"不在") -> 【本社輸入】岩田拓也 | F84: 3056 | G84: =IFERROR(VLOOKUP(F84,電話端末!$A$2:$D$284,2,FALSE),"不在") -> 【本社輸入】岩田拓也 | H84: 111 | I84: 107 | K84: 2.5101001e+19
A85: 45940.676 | B85: 3602 | C85: =IFERROR(VLOOKUP(B85,電話端末!$A$2:$E$284,2,FALSE),"不在") -> 【福岡】山崎芹奈 | D85: 3601 | E85: =IFERROR(VLOOKUP(D85,電話端末!$A$2:$E$284,2,FALSE),"不在") -> 【福岡】松添愛 | F85: 3601 | G85: =IFERROR(VLOOKUP(F85,電話端末!$A$2:$D$284,2,FALSE),"不在") -> 【福岡】松添愛 | H85: 60 | I85: 58 | K85: 2.5101001e+19
A86: 45940.676 | B86: 3152 | C86: =IFERROR(VLOOKUP(B86,電話端末!$A$2:$E$284,2,FALSE),"不在") -> 【埼玉】細田昌子 | D86: 1139 | E86: =IFERROR(VLOOKUP(D86,電話端末!$A$2:$E$284,2,FALSE),"不在") -> 【本社輸入】五戸勇気 | F86: 1139 | G86: =IFERROR(VLOOKUP(F86,電話端末!$A$2:$D$284,2,FALSE),"不在") -> 【本社輸入】五戸勇気 | H86: 109 | I86: 103 | K86: 2.5101001e+19
A87: 45940.675 | B87: 3601 | C87: =IFERROR(VLOOKUP(B87,電話端末!$A$2:$E$284,2,FALSE),"不在") -> 【福岡】松添愛 | D87: 3602 | E87: =IFERROR(VLOOKUP(D87,電話端末!$A$2:$E$284,2,FALSE),"不在") -> 【福岡】山崎芹奈 | G87: =IFERROR(VLOOKUP(F87,電話端末!$A$2:$D$284,2,FALSE),"不在") -> 不在 | H87: 1 | I87: 0 | K87: 2.5101001e+19
A88: 45940.675 | B88: 3603 | C88: =IFERROR(VLOOKUP(B88,電話端末!$A$2:$E$284,2,FALSE),"不在") -> 【福岡】重松宝成 | D88: 3600 | E88: =IFERROR(VLOOKUP(D88,電話端末!$A$2:$E$284,2,FALSE),"不在") -> 【福岡】松尾明日香 | F88: 3600 | G88: =IFERROR(VLOOKUP(F88,電話端末!$A$2:$D$284,2,FALSE),"不在") -> 【福岡】松尾明日香 | H88: 62 | I88: 60 | K88: 2.5101001e+19
A89: 45940.674 | B89: 3004 | C89: =IFERROR(VLOOKUP(B89,電話端末!$A$2:$E$284,2,FALSE),"不在") -> 【東京】北林友希 | D89: 3751 | E89: =IFERROR(VLOOKUP(D89,電話端末!$A$2:$E$284,2,FALSE),"不在") -> 【流山】鴻池千紗都 | F89: 3751 | G89: =IFERROR(VLOOKUP(F89,電話端末!$A$2:$D$284,2,FALSE),"不在") -> 【流山】鴻池千紗都 | H89: 111 | I89: 109 | K89: 2.5101001e+19
A90: 45940.674 | B90: 3352 | C90: =IFERROR(VLOOKUP(B90,電話端末!$A$2:$E$284,2,FALSE),"不在") -> 【名古屋】大渕温子 | D90: 3056 | E90: =IFERROR(VLOOKUP(D90,電話端末!$A$2:$E$284,2,FALSE),"不在") -> 【本社輸入】岩田拓也 | G90: =IFERROR(VLOOKUP(F90,電話端末!$A$2:$D$284,2,FALSE),"不在") -> 不在 | H90: 12 | I90: 0 | K90: 2.5101001e+19
A91: 45940.674 | B91: 1120 | C91: =IFERROR(VLOOKUP(B91,電話端末!$A$2:$E$284,2,FALSE),"不在") -> 【本社EC】別府菜々美 | D91: 1121 | E91: =IFERROR(VLOOKUP(D91,電話端末!$A$2:$E$284,2,FALSE),"不在") -> 【本社EC】山口莉奈 | F91: 1121 | G91: =IFERROR(VLOOKUP(F91,電話端末!$A$2:$D$284,2,FALSE),"不在") -> 【本社EC】山口莉奈 | H91: 222 | I91: 220 | K91: 2.5101001e+19
A92: 45940.673 | B92: 3350 | C92: =IFERROR(VLOOKUP(B92,電話端末!$A$2:$E$284,2,FALSE),"不在") -> 【名古屋】稲垣みちる | D92: 3351 | E92: =IFERROR(VLOOKUP(D92,電話端末!$A$2:$E$284,2,FALSE),"不在") -> 【名古屋】水島奈美 | F92: 3351 | G92: =IFERROR(VLOOKUP(F92,電話端末!$A$2:$D$284,2,FALSE),"不在") -> 【名古屋】水島奈美 | H92: 30 | I92: 29 | K92: 2.5101001e+19
A93: 45940.673 | B93: 3602 | C93: =IFERROR(VLOOKUP(B93,電話端末!$A$2:$E$284,2,FALSE),"不在") -> 【福岡】山崎芹奈 | D93: 3601 | E93: =IFERROR(VLOOKUP(D93,電話端末!$A$2:$E$284,2,FALSE),"不在") -> 【福岡】松添愛 | F93: 3601 | G93: =IFERROR(VLOOKUP(F93,電話端末!$A$2:$D$284,2,FALSE),"不在") -> 【福岡】松添愛 | H93: 45 | I93: 42 | K93: 2.5101001e+19
A94: 45940.672 | B94: 3508 | C94: =IFERROR(VLOOKUP(B94,電話端末!$A$2:$E$284,2,FALSE),"不在") -> 【岡山】岸本麻衣子 | D94: 3450 | E94: =IFERROR(VLOOKUP(D94,電話端末!$A$2:$E$284,2,FALSE),"不在") -> 【大阪】松下愛 | F94: 3450 | G94: =IFERROR(VLOOKUP(F94,電話端末!$A$2:$D$284,2,FALSE),"不在") -> 【大阪】松下愛 | H94: 83 | I94: 80 | K94: 2.5101001e+19
A95: 45940.67 | B95: 3254 | C95: =IFERROR(VLOOKUP(B95,電話端末!$A$2:$E$284,2,FALSE),"不在") -> 【仙台】及川憲佑 | D95: 1141 | E95: =IFERROR(VLOOKUP(D95,電話端末!$A$2:$E$284,2,FALSE),"不在") -> 【本社輸入】細川靖司 | G95: =IFERROR(VLOOKUP(F95,電話端末!$A$2:$D$284,2,FALSE),"不在") -> 不在 | H95: 1 | I95: 0 | K95: 2.5101001e+19
A96: 45940.67 | B96: 3010 | C96: =IFERROR(VLOOKUP(B96,電話端末!$A$2:$E$284,2,FALSE),"不在") -> 【東京】豊島亮 | D96: 3156 | E96: =IFERROR(VLOOKUP(D96,電話端末!$A$2:$E$284,2,FALSE),"不在") -> 【埼玉】金子友希 | F96: 3156 | G96: =IFERROR(VLOOKUP(F96,電話端末!$A$2:$D$284,2,FALSE),"不在") -> 【埼玉】金子友希 | H96: 60 | I96: 58 | K96: 2.5101001e+19
A97: 45940.669 | B97: 3254 | C97: =IFERROR(VLOOKUP(B97,電話端末!$A$2:$E$284,2,FALSE),"不在") -> 【仙台】及川憲佑 | D97: 1122 | E97: =IFERROR(VLOOKUP(D97,電話端末!$A$2:$E$284,2,FALSE),"不在") -> 【本社IT】松本郷 | G97: =IFERROR(VLOOKUP(F97,電話端末!$A$2:$D$284,2,FALSE),"不在") -> 不在 | H97: 17 | I97: 0 | K97: 2.5101001e+19
A98: 45940.669 | B98: 3252 | C98: =IFERROR(VLOOKUP(B98,電話端末!$A$2:$E$284,2,FALSE),"不在") -> 【仙台】真壁彰子 | D98: 3059 | E98: =IFERROR(VLOOKUP(D98,電話端末!$A$2:$E$284,2,FALSE),"不在") -> 【本社在庫物流課】黒田靖広 | G98: =IFERROR(VLOOKUP(F98,電話端末!$A$2:$D$284,2,FALSE),"不在") -> 不在 | H98: 15 | I98: 0 | K98: 2.5101001e+19
A99: 45940.669 | B99: 3152 | C99: =IFERROR(VLOOKUP(B99,電話端末!$A$2:$E$284,2,FALSE),"不在") -> 【埼玉】細田昌子 | D99: 04828 | E99: =IFERROR(VLOOKUP(D99,電話端末!$A$2:$E$284,2,FALSE),"不在") -> 不在 | G99: =IFERROR(VLOOKUP(F99,電話端末!$A$2:$D$284,2,FALSE),"不在") -> 不在 | H99: 0 | I99: 0 | K99: 2.5101001e+19
A100: 45940.668 | B100: 3101 | C100: =IFERROR(VLOOKUP(B100,電話端末!$A$2:$E$284,2,FALSE),"不在") -> 【横浜】山﨑啓右 | D100: 2105 | E100: =IFERROR(VLOOKUP(D100,電話端末!$A$2:$E$284,2,FALSE),"不在") -> 【MF東京】伊達幸子 | F100: 2105 | G100: =IFERROR(VLOOKUP(F100,電話端末!$A$2:$D$284,2,FALSE),"不在") -> 【MF東京】伊達幸子 | H100: 34 | I100: 31 | K100: 2.5101001e+19
...

Sheet 外線発信
A1: 時刻 | B1: 発信番号 | C1: 発信者 | D1: 着信番号 | E1: 最終着信番号 | F1: 通話時間（応答までの時間を含む） | G1: 通話時間 | H1: メモ | I1: リクエストID
A2: 45941.484 | B2: 3008 | C2: =IFERROR(VLOOKUP(B2,電話端末!$A$2:$E$284,2,FALSE),"不在") -> 【東京】片桐芳夫 | D2: 0355347705 | E2: 0355347705 | F2: 35 | G2: 33 | I2: 2.51011e+19
A3: 45941.358 | B3: 1132 | C3: =IFERROR(VLOOKUP(B3,電話端末!$A$2:$E$284,2,FALSE),"不在") -> 【本社EC】鈴木浩允 | D3: 0474781253 | E3: 0474781253 | F3: 82 | G3: 73 | I3: 2.51011e+19
A4: 45940.789 | B4: 3601 | C4: =IFERROR(VLOOKUP(B4,電話端末!$A$2:$E$284,2,FALSE),"不在") -> 【福岡】松添愛 | D4: 08059443504 | E4: 08059443504 | F4: 43 | G4: 22 | I4: 2.5101001e+19
A5: 45940.782 | B5: 3601 | C5: =IFERROR(VLOOKUP(B5,電話端末!$A$2:$E$284,2,FALSE),"不在") -> 【福岡】松添愛 | D5: 08043858622 | E5: 08043858622 | F5: 46 | G5: 33 | I5: 2.5101001e+19
A6: 45940.781 | B6: 3601 | C6: =IFERROR(VLOOKUP(B6,電話端末!$A$2:$E$284,2,FALSE),"不在") -> 【福岡】松添愛 | D6: 09018418505 | E6: 09018418505 | F6: 51 | G6: 37 | I6: 2.5101001e+19
A7: 45940.773 | B7: 3603 | C7: =IFERROR(VLOOKUP(B7,電話端末!$A$2:$E$284,2,FALSE),"不在") -> 【福岡】重松宝成 | D7: 0828318380 | E7: 0828318380 | F7: 12 | G7: 7 | I7: 2.5101001e+19
A8: 45940.767 | B8: 3600 | C8: =IFERROR(VLOOKUP(B8,電話端末!$A$2:$E$284,2,FALSE),"不在") -> 【福岡】松尾明日香 | D8: 08065938785 | E8: 08065938785 | F8: 119 | G8: 107 | I8: 2.5101001e+19
A9: 45940.763 | B9: 3600 | C9: =IFERROR(VLOOKUP(B9,電話端末!$A$2:$E$284,2,FALSE),"不在") -> 【福岡】松尾明日香 | D9: 08034217212 | E9: 08034217212 | F9: 226 | G9: 209 | I9: 2.5101001e+19
A10: 45940.761 | B10: 3604 | C10: =IFERROR(VLOOKUP(B10,電話端末!$A$2:$E$284,2,FALSE),"不在") -> 【福岡】奥薗美和 | D10: 08066164282 | E10: 08066164282 | F10: 110 | G10: 99 | I10: 2.5101001e+19
A11: 45940.761 | B11: 3059 | C11: =IFERROR(VLOOKUP(B11,電話端末!$A$2:$E$284,2,FALSE),"不在") -> 【本社在庫物流課】黒田靖広 | D11: 0661507701 | E11: 0661507701 | F11: 91 | G11: 87 | I11: 2.5101001e+19
A12: 45940.759 | B12: 3751 | C12: =IFERROR(VLOOKUP(B12,電話端末!$A$2:$E$284,2,FALSE),"不在") -> 【流山】鴻池千紗都 | D12: 0358577595 | E12: 0358577595 | F12: 125 | G12: 113 | I12: 2.5101001e+19
A13: 45940.758 | B13: 3500 | C13: =IFERROR(VLOOKUP(B13,電話端末!$A$2:$E$284,2,FALSE),"不在") -> 【岡山】矢野夏絵 | D13: 08059443503 | E13: 08059443503 | F13: 30 | G13: 22 | I13: 2.5101001e+19
... A15: 45940.757 | B15: 1504 | C15: =IFERROR(VLOOKUP(B15,電話端末!$A$2:$E$284,2,FALSE),"不在") -> 【岡山】岩佐寛子 | D15: 09093562144 | E15: 09093562144 | F15: 86 | G15: 76 | I15: 2.5101001e+19
A16: 45940.756 | B16: 3508 | C16: =IFERROR(VLOOKUP(B16,電話端末!$A$2:$E$284,2,FALSE),"不在") -> 【岡山】岸本麻衣子 | D16: 09035284665 | F16: 3 | G16: 0 | I16: 2.5101001e+19
A17: 45940.754 | B17: 1010 | C17: =IFERROR(VLOOKUP(B17,電話端末!$A$2:$E$284,2,FALSE),"不在") -> 【流山】浅沼潤也 | D17: 08051749007 | E17: 08051749007 | F17: 103 | G17: 95 | I17: 2.5101001e+19
A18: 45940.754 | B18: 3151 | C18: =IFERROR(VLOOKUP(B18,電話端末!$A$2:$E$284,2,FALSE),"不在") -> 【埼玉】池田千恵子 | D18: 08059443511 | F18: 22 | G18: 0 | I18: 2.5101001e+19
A19: 45940.752 | B19: 3250 | C19: =IFERROR(VLOOKUP(B19,電話端末!$A$2:$E$284,2,FALSE),"不在") -> 【仙台】仁藤佳美 | D19: 08056505277 | E19: 08056505277 | F19: 144 | G19: 138 | I19: 2.5101001e+19
A20: 45940.752 | B20: 3752 | C20: =IFERROR(VLOOKUP(B20,電話端末!$A$2:$E$284,2,FALSE),"不在") -> 【流山】石田拓海 | D20: 08059536550 | E20: 08059536550 | F20: 161 | G20: 146 | I20: 2.5101001e+19
A21: 45940.747 | B21: 3502 | C21: =IFERROR(VLOOKUP(B21,電話端末!$A$2:$E$284,2,FALSE),"不在") -> 【岡山】伊藤優 | D21: 08059443501 | E21: 08059443501 | F21: 135 | G21: 128 | I21: 2.5101001e+19
A22: 45940.747 | B22: 3500 | C22: =IFERROR(VLOOKUP(B22,電話端末!$A$2:$E$284,2,FALSE),"不在") -> 【岡山】矢野夏絵 | D22: 09035284665 | F22: 4 | G22: 0 | I22: 2.5101001e+19
A23: 45940.747 | B23: 3161 | C23: =IFERROR(VLOOKUP(B23,電話端末!$A$2:$E$284,2,FALSE),"不在") -> 【埼玉】久保貴志 | D23: 0484723829 | E23: 0484723829 | F23: 47 | G23: 36 | I23: 2.5101001e+19
A24: 45940.746 | B24: 3500 | C24: =IFERROR(VLOOKUP(B24,電話端末!$A$2:$E$284,2,FALSE),"不在") -> 【岡山】矢野夏絵 | D24: 09035284844 | E24: 09035284844 | F24: 16 | G24: 4 | I24: 2.5101001e+19
A25: 45940.746 | B25: 3158 | C25: =IFERROR(VLOOKUP(B25,電話端末!$A$2:$E$284,2,FALSE),"不在") -> 【埼玉】関野和彦 | D25: 0339344670 | E25: 0339344670 | F25: 49 | G25: 44 | I25: 2.5101001e+19
A26: 45940.745 | B26: 3156 | C26: =IFERROR(VLOOKUP(B26,電話端末!$A$2:$E$284,2,FALSE),"不在") -> 【埼玉】金子友希 | D26: 08052373246 | E26: 08052373246 | F26: 4 | G26: 0 | I26: 2.5101001e+19
A27: 45940.744 | B27: 2016 | C27: =IFERROR(VLOOKUP(B27,電話端末!$A$2:$E$284,2,FALSE),"不在") -> 【MF大阪】濱尾香 | D27: 0248923890 | E27: 0248923890 | F27: 41 | G27: 37 | I27: 2.5101001e+19
A28: 45940.744 | B28: 1504 | C28: =IFERROR(VLOOKUP(B28,電話端末!$A$2:$E$284,2,FALSE),"不在") -> 【岡山】岩佐寛子 | D28: 08059443501 | E28: 08059443501 | F28: 71 | G28: 56 | I28: 2.5101001e+19
A29: 45940.743 | B29: 3250 | C29: =IFERROR(VLOOKUP(B29,電話端末!$A$2:$E$284,2,FALSE),"不在") -> 【仙台】仁藤佳美 | D29: 0661507701 | E29: 0661507701 | F29: 97 | G29: 93 | I29: 2.5101001e+19
A30: 45940.742 | B30: 3152 | C30: =IFERROR(VLOOKUP(B30,電話端末!$A$2:$E$284,2,FALSE),"不在") -> 【埼玉】細田昌子 | D30: 0492221238 | E30: 0492221238 | F30: 47 | G30: 35 | I30: 2.5101001e+19
A31: 45940.742 | B31: 1504 | C31: =IFERROR(VLOOKUP(B31,電話端末!$A$2:$E$284,2,FALSE),"不在") -> 【岡山】岩佐寛子 | D31: 0676362343 | E31: 0676362343 | F31: 4 | G31: 3 | I31: 2.5101001e+19
A32: 45940.742 | B32: 3155 | C32: =IFERROR(VLOOKUP(B32,電話端末!$A$2:$E$284,2,FALSE),"不在") -> 【埼玉】吉田夏子 | D32: 0487523160 | E32: 0487523160 | F32: 92 | G32: 87 | I32: 2.5101001e+19
A33: 45940.74 | B33: 3203 | C33: =IFERROR(VLOOKUP(B33,電話端末!$A$2:$E$284,2,FALSE),"不在") -> 【札幌】山田明貴人 | D33: 0133762921 | E33: 0133762921 | F33: 130 | G33: 127 | I33: 2.5101001e+19
A34: 45940.739 | B34: 3156 | C34: =IFERROR(VLOOKUP(B34,電話端末!$A$2:$E$284,2,FALSE),"不在") -> 【埼玉】金子友希 | D34: 0356080101 | E34: 0356080101 | F34: 64 | G34: 60 | I34: 2.5101001e+19
... A41: 45940.736 | B41: 3203 | C41: =IFERROR(VLOOKUP(B41,電話端末!$A$2:$E$284,2,FALSE),"不在") -> 【札幌】山田明貴人 | D41: 0133762921 | E41: 0133762921 | F41: 112 | G41: 107 | I41: 2.5101001e+19
A42: 45940.736 | B42: 3203 | C42: =IFERROR(VLOOKUP(B42,電話端末!$A$2:$E$284,2,FALSE),"不在") -> 【札幌】山田明貴人 | D42: 013376296 | F42: 0 | G42: 0 | I42: 2.5101001e+19
A43: 45940.735 | B43: 3152 | C43: =IFERROR(VLOOKUP(B43,電話端末!$A$2:$E$284,2,FALSE),"不在") -> 【埼玉】細田昌子 | D43: 08083225092 | E43: 08083225092 | F43: 157 | G43: 149 | I43: 2.5101001e+19
A44: 45940.734 | B44: 3751 | C44: =IFERROR(VLOOKUP(B44,電話端末!$A$2:$E$284,2,FALSE),"不在") -> 【流山】鴻池千紗都 | D44: 08026566000 | F44: 22 | G44: 0 | I44: 2.5101001e+19
A45: 45940.734 | B45: 3500 | C45: =IFERROR(VLOOKUP(B45,電話端末!$A$2:$E$284,2,FALSE),"不在") -> 【岡山】矢野夏絵 | D45: 0667817004 | E45: 0667817004 | F45: 13 | G45: 9 | I45: 2.5101001e+19
A46: 45940.734 | B46: 3257 | C46: =IFERROR(VLOOKUP(B46,電話端末!$A$2:$E$284,2,FALSE),"不在") -> 【仙台】齋藤詩織 | D46: 0225233701 | E46: 0225233701 | F46: 50 | G46: 40 | I46: 2.5101001e+19
A47: 45940.733 | B47: 3251 | C47: =IFERROR(VLOOKUP(B47,電話端末!$A$2:$E$284,2,FALSE),"不在") -> 【仙台】阿部かおり | D47: 0223887741 | E47: 0223887741 | F47: 53 | G47: 47 | I47: 2.5101001e+19
A48: 45940.733 | B48: 3751 | C48: =IFERROR(VLOOKUP(B48,電話端末!$A$2:$E$284,2,FALSE),"不在") -> 【流山】鴻池千紗都 | D48: 07044714418 | E48: 07044714418 | F48: 16 | G48: 13 | I48: 2.5101001e+19
A49: 45940.733 | B49: 1013 | C49: =IFERROR(VLOOKUP(B49,電話端末!$A$2:$E$284,2,FALSE),"不在") -> 【千葉】遠藤和行 | D49: 0439353181 | E49: 0439353181 | F49: 24 | G49: 18 | I49: 2.5101001e+19
A50: 45940.732 | B50: 3504 | C50: =IFERROR(VLOOKUP(B50,電話端末!$A$2:$E$284,2,FALSE),"不在") -> 【岡山】武政彩果 | D50: 08068265025 | E50: 08068265025 | F50: 41 | G50: 28 | I50: 2.5101001e+19
A51: 45940.732 | B51: 3257 | C51: =IFERROR(VLOOKUP(B51,電話端末!$A$2:$E$284,2,FALSE),"不在") -> 【仙台】齋藤詩織 | D51: 08050760799 | E51: 08050760799 | F51: 25 | G51: 0 | I51: 2.5101001e+19
A52: 45940.732 | B52: 3254 | C52: =IFERROR(VLOOKUP(B52,電話端末!$A$2:$E$284,2,FALSE),"不在") -> 【仙台】及川憲佑 | D52: 0222323303 | E52: 0222323303 | F52: 53 | G52: 43 | I52: 2.5101001e+19
A53: 45940.732 | B53: 3250 | C53: =IFERROR(VLOOKUP(B53,電話端末!$A$2:$E$284,2,FALSE),"不在") -> 【仙台】仁藤佳美 | D53: 08060186892 | E53: 08060186892 | F53: 47 | G53: 36 | I53: 2.5101001e+19
A54: 45940.73 | B54: 3502 | C54: =IFERROR(VLOOKUP(B54,電話端末!$A$2:$E$284,2,FALSE),"不在") -> 【岡山】伊藤優 | D54: 08059443501 | E54: 08059443501 | F54: 63 | G54: 58 | I54: 2.5101001e+19
A55: 45940.73 | B55: 3508 | C55: =IFERROR(VLOOKUP(B55,電話端末!$A$2:$E$284,2,FALSE),"不在") -> 【岡山】岸本麻衣子 | D55: 0662053621 | E55: 0662053621 | F55: 170 | G55: 164 | I55: 2.5101001e+19
A56: 45940.73 | B56: 3303 | C56: =IFERROR(VLOOKUP(B56,電話端末!$A$2:$E$284,2,FALSE),"不在") -> 【千葉】平野翔大 | D56: 0432323831 | E56: 0432323831 | F56: 25 | G56: 19 | I56: 2.5101001e+19
... A76: 45940.723 | B76: 1013 | C76: =IFERROR(VLOOKUP(B76,電話端末!$A$2:$E$284,2,FALSE),"不在") -> 【千葉】遠藤和行 | D76: 0669756555 | E76: 0669756555 | F76: 113 | G76: 109 | I76: 2.5101001e+19
A77: 45940.723 | B77: 3257 | C77: =IFERROR(VLOOKUP(B77,電話端末!$A$2:$E$284,2,FALSE),"不在") -> 【仙台】齋藤詩織 | D77: 08056537447 | F77: 21 | G77: 0 | I77: 2.5101001e+19
A78: 45940.722 | B78: 3155 | C78: =IFERROR(VLOOKUP(B78,電話端末!$A$2:$E$284,2,FALSE),"不在") -> 【埼玉】吉田夏子 | D78: 07074761655 | E78: 07074761655 | F78: 114 | G78: 104 | I78: 2.5101001e+19
A79: 45940.722 | B79: 2012 | C79: =IFERROR(VLOOKUP(B79,電話端末!$A$2:$E$284,2,FALSE),"不在") -> 【MF大阪】渡邉莉乃 | D79: 0661507701 | E79: 0661507701 | F79: 79 | G79: 74 | I79: 2.5101001e+19
A80: 45940.722 | B80: 3105 | C80: =IFERROR(VLOOKUP(B80,電話端末!$A$2:$E$284,2,FALSE),"不在") -> 【横浜】川崎瞳 | D80: 0484859106 | E80: 0484859106 | F80: 67 | G80: 64 | I80: 2.5101001e+19
A81: 45940.722 | B81: 3008 | C81: =IFERROR(VLOOKUP(B81,電話端末!$A$2:$E$284,2,FALSE),"不在") -> 【東京】片桐芳夫 | D81: 0669756555 | E81: 0669756555 | F81: 68 | G81: 65 | I81: 2.5101001e+19
A82: 45940.721 | B82: 3752 | C82: =IFERROR(VLOOKUP(B82,電話端末!$A$2:$E$284,2,FALSE),"不在") -> 【流山】石田拓海 | D82: 0489555844 | E82: 0489555844 | F82: 119 | G82: 113 | I82: 2.5101001e+19
A83: 45940.721 | B83: 3450 | C83: =IFERROR(VLOOKUP(B83,電話端末!$A$2:$E$284,2,FALSE),"不在") -> 【大阪】松下愛 | D83: 09093562144 | E83: 09093562144 | F83: 59 | G83: 53 | I83: 2.5101001e+19
A84: 45940.721 | B84: 3151 | C84: =IFERROR(VLOOKUP(B84,電話端末!$A$2:$E$284,2,FALSE),"不在") -> 【埼玉】池田千恵子 | D84: 0338118185 | E84: 0338118185 | F84: 53 | G84: 49 | I84: 2.5101001e+19
A85: 45940.72 | B85: 3401 | C85: =IFERROR(VLOOKUP(B85,電話端末!$A$2:$E$284,2,FALSE),"不在") -> 【滋賀】梅原薫 | D85: 0752210916 | E85: 0752210916 | F85: 106 | G85: 96 | I85: 2.5101001e+19
A86: 45940.72 | B86: 3010 | C86: =IFERROR(VLOOKUP(B86,電話端末!$A$2:$E$284,2,FALSE),"不在") -> 【東京】豊島亮 | D86: 0336318911 | E86: 0336318911 | F86: 31 | G86: 26 | I86: 2.5101001e+19
A87: 45940.72 | B87: 3751 | C87: =IFERROR(VLOOKUP(B87,電話端末!$A$2:$E$284,2,FALSE),"不在") -> 【流山】鴻池千紗都 | D87: 0358577595 | E87: 0358577595 | F87: 149 | G87: 137 | I87: 2.5101001e+19
A88: 45940.72 | B88: 3250 | C88: =IFERROR(VLOOKUP(B88,電話端末!$A$2:$E$284,2,FALSE),"不在") -> 【仙台】仁藤佳美 | D88: 07015485103 | E88: 07015485103 | F88: 124 | G88: 118 | I88: 2.5101001e+19
A89: 45940.719 | B89: 1013 | C89: =IFERROR(VLOOKUP(B89,電話端末!$A$2:$E$284,2,FALSE),"不在") -> 【千葉】遠藤和行 | D89: 0356266131 | E89: 0356266131 | F89: 192 | G89: 176 | I89: 2.5101001e+19
... A103: 45940.716 | B103: 3250 | C103: =IFERROR(VLOOKUP(B103,電話端末!$A$2:$E$284,2,FALSE),"不在") -> 【仙台】仁藤佳美 | D103: 0661507701 | E103: 0661507701 | F103: 147 | G103: 144 | I103: 2.5101001e+19
A104: 45940.715 | B104: 3152 | C104: =IFERROR(VLOOKUP(B104,電話端末!$A$2:$E$284,2,FALSE),"不在") -> 【埼玉】細田昌子 | D104: 08059443510 | F104: 21 | G104: 0 | I104: 2.5101001e+19
A105: 45940.715 | B105: 3151 | C105: =IFERROR(VLOOKUP(B105,電話端末!$A$2:$E$284,2,FALSE),"不在") -> 【埼玉】池田千恵子 | D105: 0426896300 | E105: 0426896300 | F105: 43 | G105: 32 | I105: 2.5101001e+19
A106: 45940.715 | B106: 3059 | C106: =IFERROR(VLOOKUP(B106,電話端末!$A$2:$E$284,2,FALSE),"不在") -> 【本社在庫物流課】黒田靖広 | D106: 0661507701 | E106: 0661507701 | F106: 1078 | G106: 1075 | I106: 2.5101001e+19
A107: 45940.715 | B107: 3751 | C107: =IFERROR(VLOOKUP(B107,電話端末!$A$2:$E$284,2,FALSE),"不在") -> 【流山】鴻池千紗都 | D107: 07066486288 | E107: 07066486288 | F107: 30 | G107: 20 | I107: 2.5101001e+19
A108: 45940.714 | B108: 3401 | C108: =IFERROR(VLOOKUP(B108,電話端末!$A$2:$E$284,2,FALSE),"不在") -> 【滋賀】梅原薫 | D108: 09044270036 | E108: 09044270036 | F108: 83 | G108: 73 | I108: 2.5101001e+19
A109: 45940.714 | B109: 3257 | C109: =IFERROR(VLOOKUP(B109,電話端末!$A$2:$E$284,2,FALSE),"不在") -> 【仙台】齋藤詩織 | D109: 08031705211 | E109: 08031705211 | F109: 80 | G109: 72 | I109: 2.5101001e+19
A110: 45940.714 | B110: 3003 | C110: =IFERROR(VLOOKUP(B110,電話端末!$A$2:$E$284,2,FALSE),"不在") -> 【東京】林まど佳 | D110: 0298212016 | E110: 0298212016 | F110: 93 | G110: 76 | I110: 2.5101001e+19
A111: 45940.714 | B111: 2102 | C111: =IFERROR(VLOOKUP(B111,電話端末!$A$2:$E$284,2,FALSE),"不在") -> 【MF東京】櫻井美菜 | D111: 08020555568 | E111: 08020555568 | F111: 78 | G111: 72 | I111: 2.5101001e+19
A112: 45940.714 | B112: 3010 | C112: =IFERROR(VLOOKUP(B112,電話端末!$A$2:$E$284,2,FALSE),"不在") -> 【東京】豊島亮 | D112: 0355347705 | E112: 0355347705 | F112: 69 | G112: 62 | I112: 2.5101001e+19
A113: 45940.714 | B113: 3604 | C113: =IFERROR(VLOOKUP(B113,電話端末!$A$2:$E$284,2,FALSE),"不在") -> 【福岡】奥薗美和 | D113: 0944764600 | E113: 0944764600 | F113: 36 | G113: 30 | I113: 2.5101001e+19
A114: 45940.713 | B114: 3153 | C114: =IFERROR(VLOOKUP(B114,電話端末!$A$2:$E$284,2,FALSE),"不在") -> 【埼玉】豊田里花 | D114: 09019039910 | E114: 09019039910 | F114: 36 | G114: 27 | I114: 2.5101001e+19
A115: 45940.713 | B115: 3155 | C115: =IFERROR(VLOOKUP(B115,電話端末!$A$2:$E$284,2,FALSE),"不在") -> 【埼玉】吉田夏子 | D115: 0423450871 | E115: 0423450871 | F115: 140 | G115: 132 | I115: 2.5101001e+19
A116: 45940.713 | B116: 2003 | C116: =IFERROR(VLOOKUP(B116,電話端末!$A$2:$E$284,2,FALSE),"不在") -> 【MF大阪】高村一美 | D116: 0661507701 | E116: 0661507701 | F116: 55 | G116: 52 | I116: 2.5101001e+19
... A123: 45940.71 | B123: 3401 | C123: =IFERROR(VLOOKUP(B123,電話端末!$A$2:$E$284,2,FALSE),"不在") -> 【滋賀】梅原薫 | D123: 0667025771 | E123: 0667025771 | F123: 44 | G123: 41 | I123: 2.5101001e+19
A124: 45940.71 | B124: 3403 | C124: =IFERROR(VLOOKUP(B124,電話端末!$A$2:$E$284,2,FALSE),"不在") -> 【滋賀】筆坂雪子 | D124: 0775545530 | F124: 7 | G124: 0 | I124: 2.5101001e+19
A125: 45940.71 | B125: 3251 | C125: =IFERROR(VLOOKUP(B125,電話端末!$A$2:$E$284,2,FALSE),"不在") -> 【仙台】阿部かおり | D125: 0227823133 | E125: 0227823133 | F125: 114 | G125: 112 | I125: 2.5101001e+19
A126: 45940.71 | B126: 3350 | C126: =IFERROR(VLOOKUP(B126,電話端末!$A$2:$E$284,2,FALSE),"不在") -> 【名古屋】稲垣みちる | D126: 0529718020 | E126: 0529718020 | F126: 151 | G126: 148 | I126: 2.5101001e+19
A127: 45940.71 | B127: 3604 | C127: =IFERROR(VLOOKUP(B127,電話端末!$A$2:$E$284,2,FALSE),"不在") -> 【福岡】奥薗美和 | D127: 0927201313 | E127: 0927201313 | F127: 151 | G127: 149 | I127: 2.5101001e+19
A128: 45940.71 | B128: 3105 | C128: =IFERROR(VLOOKUP(B128,電話端末!$A$2:$E$284,2,FALSE),"不在") -> 【横浜】川崎瞳 | D128: 0339939311 | E128: 0339939311 | F128: 112 | G128: 107 | I128: 2.5101001e+19
A129: 45940.71 | B129: 2022 | C129: =IFERROR(VLOOKUP(B129,電話端末!$A$2:$E$284,2,FALSE),"不在") -> 【MF大阪】山路翔子 | D129: 0661507701 | E129: 0661507701 | F129: 36 | G129: 31 | I129: 2.5101001e+19
A130: 45940.709 | B130: 3303 | C130: =IFERROR(VLOOKUP(B130,電話端末!$A$2:$E$284,2,FALSE),"不在") -> 【千葉】平野翔大 | D130: 0356147773 | E130: 0356147773 | F130: 57 | G130: 54 | I130: 2.5101001e+19
A131: 45940.709 | B131: 3257 | C131: =IFERROR(VLOOKUP(B131,電話端末!$A$2:$E$284,2,FALSE),"不在") -> 【仙台】齋藤詩織 | D131: 0223887329 | E131: 0223887329 | F131: 137 | G131: 134 | I131: 2.5101001e+19
A132: 45940.709 | B132: 3002 | C132: =IFERROR(VLOOKUP(B132,電話端末!$A$2:$E$284,2,FALSE),"不在") -> 【東京】佐々木美咲 | D132: 0367580208 | E132: 0367580208 | F132: 48 | G132: 45 | I132: 2.5101001e+19
A133: 45940.709 | B133: 2106 | C133: =IFERROR(VLOOKUP(B133,電話端末!$A$2:$E$284,2,FALSE),"不在") -> 【MF東京】荒川拡 | D133: 0480350441 | E133: 0480350441 | F133: 102 | G133: 95 | I133: 2.5101001e+19
A134: 45940.709 | B134: 3155 | C134: =IFERROR(VLOOKUP(B134,電話端末!$A$2:$E$284,2,FALSE),"不在") -> 【埼玉】吉田夏子 | D134: 0353058170 | E134: 0353058170 | F134: 167 | G134: 163 | I134: 2.5101001e+19
A135: 45940.709 | B135: 3155 | C135: =IFERROR(VLOOKUP(B135,電話端末!$A$2:$E$284,2,FALSE),"不在") -> 【埼玉】吉田夏子 | D135: 0794878300 | E135: 0794878300 | F135: 52 | G135: 28 | I135: 2.5101001e+19
A136: 45940.708 | B136: 3153 | C136: =IFERROR(VLOOKUP(B136,電話端末!$A$2:$E$284,2,FALSE),"不在") -> 【埼玉】豊田里花 | D136: 09053489217 | E136: 09053489217 | F136: 18 | G136: 3 | I136: 2.5101001e+19
... A149: 45940.705 | B149: 3257 | C149: =IFERROR(VLOOKUP(B149,電話端末!$A$2:$E$284,2,FALSE),"不在") -> 【仙台】齋藤詩織 | D149: 0227822333 | E149: 0227822333 | F149: 38 | G149: 36 | I149: 2.5101001e+19
A150: 45940.705 | B150: 3107 | C150: =IFERROR(VLOOKUP(B150,電話端末!$A$2:$E$284,2,FALSE),"不在") -> 【横浜】中山満里奈 | D150: 09044256056 | F150: 18 | G150: 0 | I150: 2.5101001e+19
A151: 45940.705 | B151: 3106 | C151: =IFERROR(VLOOKUP(B151,電話端末!$A$2:$E$284,2,FALSE),"不在") -> 【横浜】青木観奈 | D151: 08055445060 | E151: 08055445060 | F151: 77 | G151: 69 | I151: 2.5101001e+19
A152: 45940.705 | B152: 3508 | C152: =IFERROR(VLOOKUP(B152,電話端末!$A$2:$E$284,2,FALSE),"不在") -> 【岡山】岸本麻衣子 | D152: 0542633630 | E152: 0542633630 | F152: 121 | G152: 117 | I152: 2.5101001e+19
A153: 45940.705 | B153: 3751 | C153: =IFERROR(VLOOKUP(B153,電話端末!$A$2:$E$284,2,FALSE),"不在") -> 【流山】鴻池千紗都 | D153: 0298212016 | E153: 0298212016 | F153: 94 | G153: 80 | I153: 2.5101001e+19
A154: 45940.705 | B154: 3010 | C154: =IFERROR(VLOOKUP(B154,電話端末!$A$2:$E$284,2,FALSE),"不在") -> 【東京】豊島亮 | D154: 0355347705 | E154: 0355347705 | F154: 29 | G154: 25 | I154: 2.5101001e+19
A155: 45940.705 | B155: 3600 | C155: =IFERROR(VLOOKUP(B155,電話端末!$A$2:$E$284,2,FALSE),"不在") -> 【福岡】松尾明日香 | D155: 07024669558 | E155: 07024669558 | F155: 26 | G155: 17 | I155: 2.5101001e+19
A156: 45940.704 | B156: 3251 | C156: =IFERROR(VLOOKUP(B156,電話端末!$A$2:$E$284,2,FALSE),"不在") -> 【仙台】阿部かおり | D156: 0222590512 | E156: 0222590512 | F156: 44 | G156: 39 | I156: 2.5101001e+19
A157: 45940.704 | B157: 3502 | C157: =IFERROR(VLOOKUP(B157,電話端末!$A$2:$E$284,2,FALSE),"不在") -> 【岡山】伊藤優 | D157: 08059443501 | E157: 08059443501 | F157: 107 | G157: 96 | I157: 2.5101001e+19
...

Sheet 外線着信
A1: 時刻 | B1: 発信番号 | C1: 着信番号 | D1: 着信者 | E1: 最終着信番号 | F1: 最終着信者 | G1: 通話時間（応答までの時間を含む） | H1: 通話時間 | I1: メモ | J1: リクエストID
A2: 45942.837 | B2: 09088940099 | C2: 5550 | D2: =IFERROR(VLOOKUP(C2,電話端末!$A$2:$E$284,2,FALSE),"不在") -> 【本社】代表 | F2: =IFERROR(VLOOKUP(E2,電話端末!$A$2:$E$284,2,FALSE),"不在") -> 不在 | G2: 0 | H2: 0 | J2: 2.51012e+19
A3: 45942.35 | B3: 08055445094 | C3: 5280 | D3: =IFERROR(VLOOKUP(C3,電話端末!$A$2:$E$284,2,FALSE),"不在") -> 【横浜】着信グループ | F3: =IFERROR(VLOOKUP(E3,電話端末!$A$2:$E$284,2,FALSE),"不在") -> 不在 | G3: 1 | H3: 0 | J3: 2.51012e+19
A4: 45941.628 | B4: 0562467225 | C4: 5390 | D4: =IFERROR(VLOOKUP(C4,電話端末!$A$2:$E$284,2,FALSE),"不在") -> 【名古屋】着信グループ | F4: =IFERROR(VLOOKUP(E4,電話端末!$A$2:$E$284,2,FALSE),"不在") -> 不在 | G4: 11 | H4: 0 | J4: 2.51011e+19
A5: 45941.622 | B5: 18772382178 | C5: 5690 | D5: =IFERROR(VLOOKUP(C5,電話端末!$A$2:$E$284,2,FALSE),"不在") -> 【広島】着信グループ | F5: =IFERROR(VLOOKUP(E5,電話端末!$A$2:$E$284,2,FALSE),"不在") -> 不在 | G5: 18 | H5: 0 | J5: 2.51011e+19
A6: 45941.622 | B6: 09039625899 | C6: 5190 | D6: =IFERROR(VLOOKUP(C6,電話端末!$A$2:$E$284,2,FALSE),"不在") -> 【福岡】着信グループ | F6: =IFERROR(VLOOKUP(E6,電話端末!$A$2:$E$284,2,FALSE),"不在") -> 不在 | G6: 10 | H6: 0 | J6: 2.51011e+19
A7: 45941.598 | B7: 08035104192 | C7: 5880 | D7: =IFERROR(VLOOKUP(C7,電話端末!$A$2:$E$284,2,FALSE),"不在") -> 【札幌】着信グループ | F7: =IFERROR(VLOOKUP(E7,電話端末!$A$2:$E$284,2,FALSE),"不在") -> 不在 | G7: 0 | H7: 0 | J7: 2.51011e+19
A8: 45941.568 | B8: 0355347705 | C8: 5001 | D8: =IFERROR(VLOOKUP(C8,電話端末!$A$2:$E$284,2,FALSE),"不在") -> 【東京】着信グループ | F8: =IFERROR(VLOOKUP(E8,電話端末!$A$2:$E$284,2,FALSE),"不在") -> 不在 | G8: 30 | H8: 0 | J8: 2.51011e+19
A9: 45941.521 | B9: 07084890762 | C9: 5390 | D9: =IFERROR(VLOOKUP(C9,電話端末!$A$2:$E$284,2,FALSE),"不在") -> 【名古屋】着信グループ | F9: =IFERROR(VLOOKUP(E9,電話端末!$A$2:$E$284,2,FALSE),"不在") -> 不在 | G9: 17 | H9: 0 | J9: 2.51011e+19
A10: 45941.52 | B10: 0859333871 | C10: 5580 | D10: =IFERROR(VLOOKUP(C10,電話端末!$A$2:$E$284,2,FALSE),"不在") -> 【岡山】着信グループ | F10: =IFERROR(VLOOKUP(E10,電話端末!$A$2:$E$284,2,FALSE),"不在") -> 不在 | G10: 2 | H10: 0 | J10: 2.51011e+19
A11: 45941.48 | B11: 0775772320 | C11: 5490 | D11: =IFERROR(VLOOKUP(C11,電話端末!$A$2:$E$284,2,FALSE),"不在") -> 【滋賀】着信グループ | F11: =IFERROR(VLOOKUP(E11,電話端末!$A$2:$E$284,2,FALSE),"不在") -> 不在 | G11: 17 | H11: 0 | J11: 2.51011e+19
A12: 45941.478 | B12: 0355347705 | C12: 5001 | D12: =IFERROR(VLOOKUP(C12,電話端末!$A$2:$E$284,2,FALSE),"不在") -> 【東京】着信グループ | F12: =IFERROR(VLOOKUP(E12,電話端末!$A$2:$E$284,2,FALSE),"不在") -> 不在 | G12: 21 | H12: 0 | J12: 2.51011e+19
A13: 45941.472 | B13: 0355347705 | C13: 5001 | D13: =IFERROR(VLOOKUP(C13,電話端末!$A$2:$E$284,2,FALSE),"不在") -> 【東京】着信グループ | E13: 3008 | F13: =IFERROR(VLOOKUP(E13,電話端末!$A$2:$E$284,2,FALSE),"不在") -> 【東京】片桐芳夫 | G13: 37 | H13: 33 | J13: 2.51011e+19
A14: 45941.46 | B14: 0355347705 | C14: 5001 | D14: =IFERROR(VLOOKUP(C14,電話端末!$A$2:$E$284,2,FALSE),"不在") -> 【東京】着信グループ | E14: 3008 | F14: =IFERROR(VLOOKUP(E14,電話端末!$A$2:$E$284,2,FALSE),"不在") -> 【東京】片桐芳夫 | G14: 50 | H14: 44 | J14: 2.51011e+19
A15: 45941.438 | B15: 0243234879 | C15: 5790 | D15: =IFERROR(VLOOKUP(C15,電話端末!$A$2:$E$284,2,FALSE),"不在") -> 【仙台】着信グループ | F15: =IFERROR(VLOOKUP(E15,電話端末!$A$2:$E$284,2,FALSE),"不在") -> 不在 | G15: 5 | H15: 0 | J15: 2.51011e+19
A16: 45941.422 | B16: 08068435891 | C16: 5190 | D16: =IFERROR(VLOOKUP(C16,電話端末!$A$2:$E$284,2,FALSE),"不在") -> 【福岡】着信グループ | F16: =IFERROR(VLOOKUP(E16,電話端末!$A$2:$E$284,2,FALSE),"不在") -> 不在 | G16: 3 | H16: 0 | J16: 2.51011e+19
A17: 45941.352 | B17: 0355347705 | C17: 5001 | D17: =IFERROR(VLOOKUP(C17,電話端末!$A$2:$E$284,2,FALSE),"不在") -> 【東京】着信グループ | E17: 3010 | F17: =IFERROR(VLOOKUP(E17,電話端末!$A$2:$E$284,2,FALSE),"不在") -> 【東京】豊島亮 | G17: 38 | H17: 32 | J17: 2.51011e+19
A18: 45941.312 | B18: 08067416399 | C18: 5580 | D18: =IFERROR(VLOOKUP(C18,電話端末!$A$2:$E$284,2,FALSE),"不在") -> 【岡山】着信グループ | F18: =IFERROR(VLOOKUP(E18,電話端末!$A$2:$E$284,2,FALSE),"不在") -> 不在 | G18: 6 | H18: 0 | J18: 2.51011e+19
A19: 45940.838 | B19: 08059443501 | C19: 5580 | D19: =IFERROR(VLOOKUP(C19,電話端末!$A$2:$E$284,2,FALSE),"不在") -> 【岡山】着信グループ | F19: =IFERROR(VLOOKUP(E19,電話端末!$A$2:$E$284,2,FALSE),"不在") -> 不在 | G19: 19 | H19: 0 | J19: 2.5101001e+19
A20: 45940.788 | B20: 08060387508 | C20: 5880 | D20: =IFERROR(VLOOKUP(C20,電話端末!$A$2:$E$284,2,FALSE),"不在") -> 【札幌】着信グループ | F20: =IFERROR(VLOOKUP(E20,電話端末!$A$2:$E$284,2,FALSE),"不在") -> 不在 | G20: 1 | H20: 0 | J20: 2.5101001e+19
A21: 45940.775 | B21: 09044503232 | C21: 5004 | D21: =IFERROR(VLOOKUP(C21,電話端末!$A$2:$E$284,2,FALSE),"不在") -> 【埼玉】着信グループ | F21: =IFERROR(VLOOKUP(E21,電話端末!$A$2:$E$284,2,FALSE),"不在") -> 不在 | G21: 14 | H21: 0 | J21: 2.5101001e+19
A22: 45940.775 | B22: 09044503232 | C22: 5004 | D22: =IFERROR(VLOOKUP(C22,電話端末!$A$2:$E$284,2,FALSE),"不在") -> 【埼玉】着信グループ | F22: =IFERROR(VLOOKUP(E22,電話端末!$A$2:$E$284,2,FALSE),"不在") -> 不在 | G22: 15 | H22: 0 | J22: 2.5101001e+19
A23: 45940.774 | B23: 08068601880 | C23: 5880 | D23: =IFERROR(VLOOKUP(C23,電話端末!$A$2:$E$284,2,FALSE),"不在") -> 【札幌】着信グループ | F23: =IFERROR(VLOOKUP(E23,電話端末!$A$2:$E$284,2,FALSE),"不在") -> 不在 | G23: 16 | H23: 0 | J23: 2.5101001e+19
A24: 45940.773 | B24: 08059536550 | C24: 5003 | D24: =IFERROR(VLOOKUP(C24,電話端末!$A$2:$E$284,2,FALSE),"不在") -> 【流山】着信グループ | E24: 3752 | F24: =IFERROR(VLOOKUP(E24,電話端末!$A$2:$E$284,2,FALSE),"不在") -> 【流山】石田拓海 | G24: 192 | H24: 187 | J24: 2.5101001e+19
A25: 45940.768 | B25: 09061533655 | C25: 5790 | D25: =IFERROR(VLOOKUP(C25,電話端末!$A$2:$E$284,2,FALSE),"不在") -> 【仙台】着信グループ | F25: =IFERROR(VLOOKUP(E25,電話端末!$A$2:$E$284,2,FALSE),"不在") -> 不在 | G25: 8 | H25: 0 | J25: 2.5101001e+19
A26: 45940.768 | B26: 09026880278 | C26: 5001 | D26: =IFERROR(VLOOKUP(C26,電話端末!$A$2:$E$284,2,FALSE),"不在") -> 【東京】着信グループ | F26: =IFERROR(VLOOKUP(E26,電話端末!$A$2:$E$284,2,FALSE),"不在") -> 不在 | G26: 23 | H26: 0 | J26: 2.5101001e+19
A27: 45940.768 | B27: 08067416399 | C27: 5580 | D27: =IFERROR(VLOOKUP(C27,電話端末!$A$2:$E$284,2,FALSE),"不在") -> 【岡山】着信グループ | F27: =IFERROR(VLOOKUP(E27,電話端末!$A$2:$E$284,2,FALSE),"不在") -> 不在 | G27: 20 | H27: 0 | J27: 2.5101001e+19
A28: 45940.768 | B28: 09044503232 | C28: 5280 | D28: =IFERROR(VLOOKUP(C28,電話端末!$A$2:$E$284,2,FALSE),"不在") -> 【横浜】着信グループ | E28: 3110 | F28: =IFERROR(VLOOKUP(E28,電話端末!$A$2:$E$284,2,FALSE),"不在") -> 【横浜】田鹿僚志 | G28: 117 | H28: 110 | J28: 2.5101001e+19
A29: 45940.766 | B29: 08059443511 | C29: 5004 | D29: =IFERROR(VLOOKUP(C29,電話端末!$A$2:$E$284,2,FALSE),"不在") -> 【埼玉】着信グループ | E29: 3151 | F29: =IFERROR(VLOOKUP(E29,電話端末!$A$2:$E$284,2,FALSE),"不在") -> 【埼玉】池田千恵子 | G29: 368 | H29: 364 | J29: 2.5101001e+19
A30: 45940.76 | B30: 09035393319 | C30: 5004 | D30: =IFERROR(VLOOKUP(C30,電話端末!$A$2:$E$284,2,FALSE),"不在") -> 【埼玉】着信グループ | F30: =IFERROR(VLOOKUP(E30,電話端末!$A$2:$E$284,2,FALSE),"不在") -> 不在 | G30: 27 | H30: 0 | J30: 2.5101001e+19
A31: 45940.759 | B31: 0726696541 | C31: 5295 | D31: =IFERROR(VLOOKUP(C31,電話端末!$A$2:$E$284,2,FALSE),"不在") -> 【大阪】着信グループ(外線) | F31: =IFERROR(VLOOKUP(E31,電話端末!$A$2:$E$284,2,FALSE),"不在") -> 不在 | G31: 14 | H31: 0 | J31: 2.5101001e+19
A32: 45940.758 | B32: 07065211699 | C32: 5500 | D32: =IFERROR(VLOOKUP(C32,電話端末!$A$2:$E$284,2,FALSE),"不在") -> 【MF大阪】着信グループ | F32: =IFERROR(VLOOKUP(E32,電話端末!$A$2:$E$284,2,FALSE),"不在") -> 不在 | G32: 21 | H32: 0 | J32: 2.5101001e+19
A33: 45940.758 | B33: 08055387378 | C33: 5490 | D33: =IFERROR(VLOOKUP(C33,電話端末!$A$2:$E$284,2,FALSE),"不在") -> 【滋賀】着信グループ | F33: =IFERROR(VLOOKUP(E33,電話端末!$A$2:$E$284,2,FALSE),"不在") -> 不在 | G33: 15 | H33: 0 | J33: 2.5101001e+19
A34: 45940.756 | B34: 0535420112 | C34: 5580 | D34: =IFERROR(VLOOKUP(C34,電話端末!$A$2:$E$284,2,FALSE),"不在") -> 【岡山】着信グループ | F34: =IFERROR(VLOOKUP(E34,電話端末!$A$2:$E$284,2,FALSE),"不在") -> 不在 | G34: 20 | H34: 0 | J34: 2.5101001e+19
A35: 45940.756 | B35: 08059536550 | C35: 5003 | D35: =IFERROR(VLOOKUP(C35,電話端末!$A$2:$E$284,2,FALSE),"不在") -> 【流山】着信グループ | E35: 3752 | F35: =IFERROR(VLOOKUP(E35,電話端末!$A$2:$E$284,2,FALSE),"不在") -> 【流山】石田拓海 | G35: 316 | H35: 314 | J35: 2.5101001e+19
A36: 45940.756 | B36: 05020180622 | C36: 5580 | D36: =IFERROR(VLOOKUP(C36,電話端末!$A$2:$E$284,2,FALSE),"不在") -> 【岡山】着信グループ | F36: =IFERROR(VLOOKUP(E36,電話端末!$A$2:$E$284,2,FALSE),"不在") -> 不在 | G36: 2 | H36: 0 | J36: 2.5101001e+19
A37: 45940.756 | B37: 08059443511 | C37: 5004 | D37: =IFERROR(VLOOKUP(C37,電話端末!$A$2:$E$284,2,FALSE),"不在") -> 【埼玉】着信グループ | E37: 3151 | F37: =IFERROR(VLOOKUP(E37,電話端末!$A$2:$E$284,2,FALSE),"不在") -> 【埼玉】池田千恵子 | G37: 54 | H37: 50 | J37: 2.5101001e+19
A38: 45940.751 | B38: 09093801802 | C38: 5001 | D38: =IFERROR(VLOOKUP(C38,電話端末!$A$2:$E$284,2,FALSE),"不在") -> 【東京】着信グループ | F38: =IFERROR(VLOOKUP(E38,電話端末!$A$2:$E$284,2,FALSE),"不在") -> 不在 | G38: 14 | H38: 0 | J38: 2.5101001e+19
A39: 45940.749 | B39: 08026566000 | C39: 5003 | D39: =IFERROR(VLOOKUP(C39,電話端末!$A$2:$E$284,2,FALSE),"不在") -> 【流山】着信グループ | E39: 3752 | F39: =IFERROR(VLOOKUP(E39,電話端末!$A$2:$E$284,2,FALSE),"不在") -> 【流山】石田拓海 | G39: 71 | H39: 68 | J39: 2.5101001e+19
A40: 45940.748 | B40: 08062928589 | C40: 5790 | D40: =IFERROR(VLOOKUP(C40,電話端末!$A$2:$E$284,2,FALSE),"不在") -> 【仙台】着信グループ | E40: 3251 | F40: =IFERROR(VLOOKUP(E40,電話端末!$A$2:$E$284,2,FALSE),"不在") -> 【仙台】阿部かおり | G40: 36 | H40: 33 | J40: 2.5101001e+19
A41: 45940.747 | B41: 05020180622 | C41: 5580 | D41: =IFERROR(VLOOKUP(C41,電話端末!$A$2:$E$284,2,FALSE),"不在") -> 【岡山】着信グループ | F41: =IFERROR(VLOOKUP(E41,電話端末!$A$2:$E$284,2,FALSE),"不在") -> 不在 | G41: 3 | H41: 0 | J41: 2.5101001e+19
A42: 45940.746 | B42: 0928915613 | C42: 5190 | D42: =IFERROR(VLOOKUP(C42,電話端末!$A$2:$E$284,2,FALSE),"不在") -> 【福岡】着信グループ | F42: =IFERROR(VLOOKUP(E42,電話端末!$A$2:$E$284,2,FALSE),"不在") -> 不在 | G42: 16 | H42: 0 | J42: 2.5101001e+19
A43: 45940.746 | B43: 0661507701 | C43: 5790 | D43: =IFERROR(VLOOKUP(C43,電話端末!$A$2:$E$284,2,FALSE),"不在") -> 【仙台】着信グループ | E43: 3252 | F43: =IFERROR(VLOOKUP(E43,電話端末!$A$2:$E$284,2,FALSE),"不在") -> 【仙台】真壁彰子 | G43: 37 | H43: 33 | J43: 2.5101001e+19
A44: 45940.746 | B44: 05020180622 | C44: 5490 | D44: =IFERROR(VLOOKUP(C44,電話端末!$A$2:$E$284,2,FALSE),"不在") -> 【滋賀】着信グループ | F44: =IFERROR(VLOOKUP(E44,電話端末!$A$2:$E$284,2,FALSE),"不在") -> 不在 | G44: 15 | H44: 0 | J44: 2.5101001e+19
A45: 45940.746 | B45: 08061816646 | C45: 5390 | D45: =IFERROR(VLOOKUP(C45,電話端末!$A$2:$E$284,2,FALSE),"不在") -> 【名古屋】着信グループ | F45: =IFERROR(VLOOKUP(E45,電話端末!$A$2:$E$284,2,FALSE),"不在") -> 不在 | G45: 14 | H45: 0 | J45: 2.5101001e+19
A46: 45940.746 | B46: 09077140101 | C46: 5004 | D46: =IFERROR(VLOOKUP(C46,電話端末!$A$2:$E$284,2,FALSE),"不在") -> 【埼玉】着信グループ | F46: =IFERROR(VLOOKUP(E46,電話端末!$A$2:$E$284,2,FALSE),"不在") -> 不在 | G46: 17 | H46: 0 | J46: 2.5101001e+19
A47: 45940.745 | B47: 0661507701 | C47: 5500 | D47: =IFERROR(VLOOKUP(C47,電話端末!$A$2:$E$284,2,FALSE),"不在") -> 【MF大阪】着信グループ | E47: 2003 | F47: =IFERROR(VLOOKUP(E47,電話端末!$A$2:$E$284,2,FALSE),"不在") -> 【MF大阪】高村一美 | G47: 286 | H47: 282 | J47: 2.5101001e+19
A48: 45940.745 | B48: 07036109730 | C48: 5790 | D48: =IFERROR(VLOOKUP(C48,電話端末!$A$2:$E$284,2,FALSE),"不在") -> 【仙台】着信グループ | E48: 3251 | F48: =IFERROR(VLOOKUP(E48,電話端末!$A$2:$E$284,2,FALSE),"不在") -> 【仙台】阿部かおり | G48: 115 | H48: 111 | J48: 2.5101001e+19
A49: 45940.744 | B49: 09092645019 | C49: 5390 | D49: =IFERROR(VLOOKUP(C49,電話端末!$A$2:$E$284,2,FALSE),"不在") -> 【名古屋】着信グループ | F49: =IFERROR(VLOOKUP(E49,電話端末!$A$2:$E$284,2,FALSE),"不在") -> 不在 | G49: 15 | H49: 0 | J49: 2.5101001e+19
A50: 45940.744 | B50: 08068265025 | C50: 5580 | D50: =IFERROR(VLOOKUP(C50,電話端末!$A$2:$E$284,2,FALSE),"不在") -> 【岡山】着信グループ | E50: 3500 | F50: =IFERROR(VLOOKUP(E50,電話端末!$A$2:$E$284,2,FALSE),"不在") -> 【岡山】矢野夏絵 | G50: 68 | H50: 59 | J50: 2.5101001e+19
A51: 45940.744 | B51: 07024669559 | C51: 5190 | D51: =IFERROR(VLOOKUP(C51,電話端末!$A$2:$E$284,2,FALSE),"不在") -> 【福岡】着信グループ | F51: =IFERROR(VLOOKUP(E51,電話端末!$A$2:$E$284,2,FALSE),"不在") -> 不在 | G51: 11 | H51: 0 | J51: 2.5101001e+19
A52: 45940.743 | B52: 0357418011 | C52: 5001 | D52: =IFERROR(VLOOKUP(C52,電話端末!$A$2:$E$284,2,FALSE),"不在") -> 【東京】着信グループ | F52: =IFERROR(VLOOKUP(E52,電話端末!$A$2:$E$284,2,FALSE),"不在") -> 不在 | G52: 20 | H52: 0 | J52: 2.5101001e+19
A53: 45940.742 | B53: 08052373246 | C53: 5004 | D53: =IFERROR(VLOOKUP(C53,電話端末!$A$2:$E$284,2,FALSE),"不在") -> 【埼玉】着信グループ | E53: 3152 | F53: =IFERROR(VLOOKUP(E53,電話端末!$A$2:$E$284,2,FALSE),"不在") -> 【埼玉】細田昌子 | G53: 105 | H53: 95 | J53: 2.5101001e+19
A54: 45940.742 | B54: 08052373246 | C54: 5004 | D54: =IFERROR(VLOOKUP(C54,電話端末!$A$2:$E$284,2,FALSE),"不在") -> 【埼玉】着信グループ | F54: =IFERROR(VLOOKUP(E54,電話端末!$A$2:$E$284,2,FALSE),"不在") -> 不在 | G54: 19 | H54: 0 | J54: 2.5101001e+19
A55: 45940.741 | B55: 0356080101 | C55: 5004 | D55: =IFERROR(VLOOKUP(C55,電話端末!$A$2:$E$284,2,FALSE),"不在") -> 【埼玉】着信グループ | E55: 3156 | F55: =IFERROR(VLOOKUP(E55,電話端末!$A$2:$E$284,2,FALSE),"不在") -> 【埼玉】金子友希 | G55: 106 | H55: 104 | J55: 2.5101001e+19
A56: 45940.739 | B56: 07043176196 | C56: 5001 | D56: =IFERROR(VLOOKUP(C56,電話端末!$A$2:$E$284,2,FALSE),"不在") -> 【東京】着信グループ | E56: 3004 | F56: =IFERROR(VLOOKUP(E56,電話端末!$A$2:$E$284,2,FALSE),"不在") -> 【東京】北林友希 | G56: 124 | H56: 113 | J56: 2.5101001e+19
A57: 45940.738 | B57: 0248923890 | C57: 5500 | D57: =IFERROR(VLOOKUP(C57,電話端末!$A$2:$E$284,2,FALSE),"不在") -> 【MF大阪】着信グループ | E57: 2012 | F57: =IFERROR(VLOOKUP(E57,電話端末!$A$2:$E$284,2,FALSE),"不在") -> 【MF大阪】渡邉莉乃 | G57: 127 | H57: 123 | J57: 2.5101001e+19
A58: 45940.738 | B58: 0728843131 | C58: 5295 | D58: =IFERROR(VLOOKUP(C58,電話端末!$A$2:$E$284,2,FALSE),"不在") -> 【大阪】着信グループ(外線) | E58: 3502 | F58: =IFERROR(VLOOKUP(E58,電話端末!$A$2:$E$284,2,FALSE),"不在") -> 【岡山】伊藤優 | G58: 82 | H58: 77 | J58: 2.5101001e+19
A59: 45940.738 | B59: 0246566203 | C59: 5790 | D59: =IFERROR(VLOOKUP(C59,電話端末!$A$2:$E$284,2,FALSE),"不在") -> 【仙台】着信グループ | E59: 3256 | F59: =IFERROR(VLOOKUP(E59,電話端末!$A$2:$E$284,2,FALSE),"不在") -> 【仙台】今野裕基 | G59: 14 | H59: 12 | J59: 2.5101001e+19
A60: 45940.738 | B60: 0661507701 | C60: 5600 | D60: =IFERROR(VLOOKUP(C60,電話端末!$A$2:$E$284,2,FALSE),"不在") -> 【MF東京】着信グループ | E60: 2106 | F60: =IFERROR(VLOOKUP(E60,電話端末!$A$2:$E$284,2,FALSE),"不在") -> 【MF東京】荒川拡 | G60: 67 | H60: 62 | J60: 2.5101001e+19
A61: 45940.738 | B61: 09019039910 | C61: 5004 | D61: =IFERROR(VLOOKUP(C61,電話端末!$A$2:$E$284,2,FALSE),"不在") -> 【埼玉】着信グループ | E61: 3154 | F61: =IFERROR(VLOOKUP(E61,電話端末!$A$2:$E$284,2,FALSE),"不在") -> 【埼玉】竹内梓 | G61: 184 | H61: 182 | J61: 2.5101001e+19
A62: 45940.737 | B62: 0529903137 | C62: 5390 | D62: =IFERROR(VLOOKUP(C62,電話端末!$A$2:$E$284,2,FALSE),"不在") -> 【名古屋】着信グループ | E62: 3350 | F62: =IFERROR(VLOOKUP(E62,電話端末!$A$2:$E$284,2,FALSE),"不在") -> 【名古屋】稲垣みちる | G62: 10 | H62: 7 | J62: 2.5101001e+19
A63: 45940.737 | B63: 08059443502 | C63: 5280 | D63: =IFERROR(VLOOKUP(C63,電話端末!$A$2:$E$284,2,FALSE),"不在") -> 【横浜】着信グループ | E63: 3101 | F63: =IFERROR(VLOOKUP(E63,電話端末!$A$2:$E$284,2,FALSE),"不在") -> 【横浜】山﨑啓右 | G63: 92 | H63: 87 | J63: 2.5101001e+19
A64: 45940.736 | B64: 0246566203 | C64: 5790 | D64: =IFERROR(VLOOKUP(C64,電話端末!$A$2:$E$284,2,FALSE),"不在") -> 【仙台】着信グループ | E64: 3256 | F64: =IFERROR(VLOOKUP(E64,電話端末!$A$2:$E$284,2,FALSE),"不在") -> 【仙台】今野裕基 | G64: 72 | H64: 68 | J64: 2.5101001e+19
A65: 45940.735 | B65: 0439353181 | C65: 5000 | D65: =IFERROR(VLOOKUP(C65,電話端末!$A$2:$E$284,2,FALSE),"不在") -> 【千葉】着信グループ | E65: 3304 | F65: =IFERROR(VLOOKUP(E65,電話端末!$A$2:$E$284,2,FALSE),"不在") -> 【千葉】遠藤和行 | G65: 105 | H65: 103 | J65: 2.5101001e+19
A66: 45940.733 | B66: 09093200101 | C66: 5004 | D66: =IFERROR(VLOOKUP(C66,電話端末!$A$2:$E$284,2,FALSE),"不在") -> 【埼玉】着信グループ | E66: 3151 | F66: =IFERROR(VLOOKUP(E66,電話端末!$A$2:$E$284,2,FALSE),"不在") -> 【埼玉】池田千恵子 | G66: 54 | H66: 50 | J66: 2.5101001e+19
A67: 45940.733 | B67: 08040746777 | C67: 5880 | D67: =IFERROR(VLOOKUP(C67,電話端末!$A$2:$E$284,2,FALSE),"不在") -> 【札幌】着信グループ | E67: 3203 | F67: =IFERROR(VLOOKUP(E67,電話端末!$A$2:$E$284,2,FALSE),"不在") -> 【札幌】山田明貴人 | G67: 61 | H67: 59 | J67: 2.5101001e+19
A68: 45940.733 | B68: 09055671330 | C68: 5280 | D68: =IFERROR(VLOOKUP(C68,電話端末!$A$2:$E$284,2,FALSE),"不在") -> 【横浜】着信グループ | F68: =IFERROR(VLOOKUP(E68,電話端末!$A$2:$E$284,2,FALSE),"不在") -> 不在 | G68: 24 | H68: 0 | J68: 2.5101001e+19
A69: 45940.733 | B69: 09067292640 | C69: 5490 | D69: =IFERROR(VLOOKUP(C69,電話端末!$A$2:$E$284,2,FALSE),"不在") -> 【滋賀】着信グループ | E69: 3402 | F69: =IFERROR(VLOOKUP(E69,電話端末!$A$2:$E$284,2,FALSE),"不在") -> 【滋賀】松井治美 | G69: 43 | H69: 40 | J69: 2.5101001e+19
A70: 45940.733 | B70: 08085940864 | C70: 5295 | D70: =IFERROR(VLOOKUP(C70,電話端末!$A$2:$E$284,2,FALSE),"不在") -> 【大阪】着信グループ(外線) | E70: 3500 | F70: =IFERROR(VLOOKUP(E70,電話端末!$A$2:$E$284,2,FALSE),"不在") -> 【岡山】矢野夏絵 | G70: 83 | H70: 75 | J70: 2.5101001e+19
A71: 45940.732 | B71: 0482810576 | C71: 5004 | D71: =IFERROR(VLOOKUP(C71,電話端末!$A$2:$E$284,2,FALSE),"不在") -> 【埼玉】着信グループ | E71: 3161 | F71: =IFERROR(VLOOKUP(E71,電話端末!$A$2:$E$284,2,FALSE),"不在") -> 【埼玉】久保貴志 | G71: 43 | H71: 40 | J71: 2.5101001e+19
A72: 45940.732 | B72: 08059443511 | C72: 5004 | D72: =IFERROR(VLOOKUP(C72,電話端末!$A$2:$E$284,2,FALSE),"不在") -> 【埼玉】着信グループ | E72: 3156 | F72: =IFERROR(VLOOKUP(E72,電話端末!$A$2:$E$284,2,FALSE),"不在") -> 【埼玉】金子友希 | G72: 64 | H72: 58 | J72: 2.5101001e+19
A73: 45940.732 | B73: 08050760799 | C73: 5790 | D73: =IFERROR(VLOOKUP(C73,電話端末!$A$2:$E$284,2,FALSE),"不在") -> 【仙台】着信グループ | E73: 3252 | F73: =IFERROR(VLOOKUP(E73,電話端末!$A$2:$E$284,2,FALSE),"不在") -> 【仙台】真壁彰子 | G73: 49 | H73: 46 | J73: 2.5101001e+19
A74: 45940.732 | B74: 0358483111 | C74: 5280 | D74: =IFERROR(VLOOKUP(C74,電話端末!$A$2:$E$284,2,FALSE),"不在") -> 【横浜】着信グループ | F74: =IFERROR(VLOOKUP(E74,電話端末!$A$2:$E$284,2,FALSE),"不在") -> 不在 | G74: 19 | H74: 0 | J74: 2.5101001e+19
A75: 45940.732 | B75: 08017493241 | C75: 5004 | D75: =IFERROR(VLOOKUP(C75,電話端末!$A$2:$E$284,2,FALSE),"不在") -> 【埼玉】着信グループ | E75: 3152 | F75: =IFERROR(VLOOKUP(E75,電話端末!$A$2:$E$284,2,FALSE),"不在") -> 【埼玉】細田昌子 | G75: 220 | H75: 213 | J75: 2.5101001e+19
A76: 45940.732 | B76: 0248923890 | C76: 5500 | D76: =IFERROR(VLOOKUP(C76,電話端末!$A$2:$E$284,2,FALSE),"不在") -> 【MF大阪】着信グループ | E76: 2008 | F76: =IFERROR(VLOOKUP(E76,電話端末!$A$2:$E$284,2,FALSE),"不在") -> 【MF大阪】松尾一誠 | G76: 127 | H76: 122 | J76: 2.5101001e+19
A77: 45940.731 | B77: 0333248921 | C77: 5280 | D77: =IFERROR(VLOOKUP(C77,電話端末!$A$2:$E$284,2,FALSE),"不在") -> 【横浜】着信グループ | E77: 3107 | F77: =IFERROR(VLOOKUP(E77,電話端末!$A$2:$E$284,2,FALSE),"不在") -> 【横浜】中山満里奈 | G77: 60 | H77: 57 | J77: 2.5101001e+19
A78: 45940.731 | B78: 08051749007 | C78: 5003 | D78: =IFERROR(VLOOKUP(C78,電話端末!$A$2:$E$284,2,FALSE),"不在") -> 【流山】着信グループ | E78: 3752 | F78: =IFERROR(VLOOKUP(E78,電話端末!$A$2:$E$284,2,FALSE),"不在") -> 【流山】石田拓海 | G78: 94 | H78: 92 | J78: 2.5101001e+19
A79: 45940.731 | B79: 0227822333 | C79: 5790 | D79: =IFERROR(VLOOKUP(C79,電話端末!$A$2:$E$284,2,FALSE),"不在") -> 【仙台】着信グループ | E79: 3256 | F79: =IFERROR(VLOOKUP(E79,電話端末!$A$2:$E$284,2,FALSE),"不在") -> 【仙台】今野裕基 | G79: 179 | H79: 173 | J79: 2.5101001e+19
A80: 45940.731 | B80: 0357418011 | C80: 5001 | D80: =IFERROR(VLOOKUP(C80,電話端末!$A$2:$E$284,2,FALSE),"不在") -> 【東京】着信グループ | E80: 3012 | F80: =IFERROR(VLOOKUP(E80,電話端末!$A$2:$E$284,2,FALSE),"不在") -> 【東京】徳島隆廣 | G80: 224 | H80: 219 | J80: 2.5101001e+19
A81: 45940.731 | B81: 0335221267 | C81: 5001 | D81: =IFERROR(VLOOKUP(C81,電話端末!$A$2:$E$284,2,FALSE),"不在") -> 【東京】着信グループ | E81: 3009 | F81: =IFERROR(VLOOKUP(E81,電話端末!$A$2:$E$284,2,FALSE),"不在") -> 【東京】中風裕司 | G81: 89 | H81: 84 | J81: 2.5101001e+19
A82: 45940.73 | B82: 09077140101 | C82: 5004 | D82: =IFERROR(VLOOKUP(C82,電話端末!$A$2:$E$284,2,FALSE),"不在") -> 【埼玉】着信グループ | E82: 3151 | F82: =IFERROR(VLOOKUP(E82,電話端末!$A$2:$E$284,2,FALSE),"不在") -> 【埼玉】池田千恵子 | G82: 136 | H82: 130 | J82: 2.5101001e+19
A83: 45940.73 | B83: 0486850101 | C83: 5004 | D83: =IFERROR(VLOOKUP(C83,電話端末!$A$2:$E$284,2,FALSE),"不在") -> 【埼玉】着信グループ | E83: 3152 | F83: =IFERROR(VLOOKUP(E83,電話端末!$A$2:$E$284,2,FALSE),"不在") -> 【埼玉】細田昌子 | G83: 52 | H83: 44 | J83: 2.5101001e+19
A84: 45940.73 | B84: 0357418011 | C84: 5550 | D84: =IFERROR(VLOOKUP(C84,電話端末!$A$2:$E$284,2,FALSE),"不在") -> 【本社】代表 | E84: 3054 | F84: =IFERROR(VLOOKUP(E84,電話端末!$A$2:$E$284,2,FALSE),"不在") -> 【本社総務】吉田亜依 | G84: 67 | H84: 64 | J84: 2.5101001e+19
A85: 45940.73 | B85: 0432323831 | C85: 5000 | D85: =IFERROR(VLOOKUP(C85,電話端末!$A$2:$E$284,2,FALSE),"不在") -> 【千葉】着信グループ | E85: 3303 | F85: =IFERROR(VLOOKUP(E85,電話端末!$A$2:$E$284,2,FALSE),"不在") -> 【千葉】平野翔大 | G85: 16 | H85: 0 | J85: 2.5101001e+19
A86: 45940.729 | B86: 09049520492 | C86: 5003 | D86: =IFERROR(VLOOKUP(C86,電話端末!$A$2:$E$284,2,FALSE),"不在") -> 【流山】着信グループ | E86: 3751 | F86: =IFERROR(VLOOKUP(E86,電話端末!$A$2:$E$284,2,FALSE),"不在") -> 【流山】鴻池千紗都 | G86: 96 | H86: 93 | J86: 2.5101001e+19
... A96: 45940.727 | B96: 09035476805 | C96: 5790 | D96: =IFERROR(VLOOKUP(C96,電話端末!$A$2:$E$284,2,FALSE),"不在") -> 【仙台】着信グループ | E96: 3252 | F96: =IFERROR(VLOOKUP(E96,電話端末!$A$2:$E$284,2,FALSE),"不在") -> 【仙台】真壁彰子 | G96: 118 | H96: 114 | J96: 2.5101001e+19
A97: 45940.726 | B97: 0492221238 | C97: 5004 | D97: =IFERROR(VLOOKUP(C97,電話端末!$A$2:$E$284,2,FALSE),"不在") -> 【埼玉】着信グループ | F97: =IFERROR(VLOOKUP(E97,電話端末!$A$2:$E$284,2,FALSE),"不在") -> 不在 | G97: 2 | H97: 0 | J97: 2.5101001e+19
A98: 45940.726 | B98: 0665839981 | C98: 5295 | D98: =IFERROR(VLOOKUP(C98,電話端末!$A$2:$E$284,2,FALSE),"不在") -> 【大阪】着信グループ(外線) | E98: 3508 | F98: =IFERROR(VLOOKUP(E98,電話端末!$A$2:$E$284,2,FALSE),"不在") -> 【岡山】岸本麻衣子 | G98: 121 | H98: 115 | J98: 2.5101001e+19
A99: 45940.726 | B99: 09035476805 | C99: 5910 | D99: =IFERROR(VLOOKUP(C99,電話端末!$A$2:$E$284,2,FALSE),"不在") -> 【金沢】着信グループ | E99: 3402 | F99: =IFERROR(VLOOKUP(E99,電話端末!$A$2:$E$284,2,FALSE),"不在") -> 【滋賀】松井治美 | G99: 50 | H99: 47 | J99: 2.5101001e+19
A100: 45940.726 | B100: 05035361666 | C100: 5280 | D100: =IFERROR(VLOOKUP(C100,電話端末!$A$2:$E$284,2,FALSE),"不在") -> 【横浜】着信グループ | E100: 3107 | F100: =IFERROR(VLOOKUP(E100,電話端末!$A$2:$E$284,2,FALSE),"不在") -> 【横浜】中山満里奈 | G100: 35 | H100: 35 | J100: 2.5101001e+19
A101: 45940.726 | B101: 0425593381 | C101: 5280 | D101: =IFERROR(VLOOKUP(C101,電話端末!$A$2:$E$284,2,FALSE),"不在") -> 【横浜】着信グループ | E101: 3101 | F101: =IFERROR(VLOOKUP(E101,電話端末!$A$2:$E$284,2,FALSE),"不在") -> 【横浜】山﨑啓右 | G101: 109 | H101: 106 | J101: 2.5101001e+19
A102: 45940.726 | B102: 07021805736 | C102: 5295 | D102: =IFERROR(VLOOKUP(C102,電話端末!$A$2:$E$284,2,FALSE),"不在") -> 【大阪】着信グループ(外線) | E102: 3504 | F102: =IFERROR(VLOOKUP(E102,電話端末!$A$2:$E$284,2,FALSE),"不在") -> 【岡山】武政彩果 | G102: 123 | H102: 117 | J102: 2.5101001e+19
A103: 45940.726 | B103: 0335210780 | C103: 5003 | D103: =IFERROR(VLOOKUP(C103,電話端末!$A$2:$E$284,2,FALSE),"不在") -> 【流山】着信グループ | E103: 3751 | F103: =IFERROR(VLOOKUP(E103,電話端末!$A$2:$E$284,2,FALSE),"不在") -> 【流山】鴻池千紗都 | G103: 106 | H103: 104 | J103: 2.5101001e+19
A104: 45940.725 | B104: 0542853137 | C104: 5590 | D104: =IFERROR(VLOOKUP(C104,電話端末!$A$2:$E$284,2,FALSE),"不在") -> 【静岡】着信グループ | E104: 3500 | F104: =IFERROR(VLOOKUP(E104,電話端末!$A$2:$E$284,2,FALSE),"不在") -> 【岡山】矢野夏絵 | G104: 156 | H104: 146 | J104: 2.5101001e+19
A105: 45940.725 | B105: 08070266266 | C105: 5580 | D105: =IFERROR(VLOOKUP(C105,電話端末!$A$2:$E$284,2,FALSE),"不在") -> 【岡山】着信グループ | E105: 1504 | F105: =IFERROR(VLOOKUP(E105,電話端末!$A$2:$E$284,2,FALSE),"不在") -> 【岡山】岩佐寛子 | G105: 29 | H105: 25 | J105: 2.5101001e+19
A106: 45940.725 | B106: 0661507701 | C106: 5600 | D106: =IFERROR(VLOOKUP(C106,電話端末!$A$2:$E$284,2,FALSE),"不在") -> 【MF東京】着信グループ | E106: 2105 | F106: =IFERROR(VLOOKUP(E106,電話端末!$A$2:$E$284,2,FALSE),"不在") -> 【MF東京】伊達幸子 | G106: 90 | H106: 87 | J106: 2.5101001e+19
A107: 45940.725 | B107: 08065416877 | C107: 5490 | D107: =IFERROR(VLOOKUP(C107,電話端末!$A$2:$E$284,2,FALSE),"不在") -> 【滋賀】着信グループ | E107: 3402 | F107: =IFERROR(VLOOKUP(E107,電話端末!$A$2:$E$284,2,FALSE),"不在") -> 【滋賀】松井治美 | G107: 125 | H107: 123 | J107: 2.5101001e+19
A108: 45940.723 | B108: 08056537447 | C108: 5790 | D108: =IFERROR(VLOOKUP(C108,電話端末!$A$2:$E$284,2,FALSE),"不在") -> 【仙台】着信グループ | E108: 3252 | F108: =IFERROR(VLOOKUP(E108,電話端末!$A$2:$E$284,2,FALSE),"不在") -> 【仙台】真壁彰子 | G108: 75 | H108: 72 | J108: 2.5101001e+19
A109: 45940.723 | B109: 09053489217 | C109: 5004 | D109: =IFERROR(VLOOKUP(C109,電話端末!$A$2:$E$284,2,FALSE),"不在") -> 【埼玉】着信グループ | E109: 3151 | F109: =IFERROR(VLOOKUP(E109,電話端末!$A$2:$E$284,2,FALSE),"不在") -> 【埼玉】池田千恵子 | G109: 82 | H109: 78 | J109: 2.5101001e+19
...
