Workbook

Sheet Report_着信
A1: 1. 拠点別 着信件数
A3: 拠点 | B3: 内線_入電 | C3: 内線_着電 | D3: 外線_入電 | E3: 外線_着電 | F3: 他拠点へ転送 | G3: 他拠点から転送
A4: =IF(RawData_着信!A2="","", RawData_着信!A2) -> 東京 | B4: =IF(RawData_着信!B2="","", RawData_着信!B2) -> 447 | C4: =IF(RawData_着信!C2="","", RawData_着信!C2) -> 366 | D4: =IF(RawData_着信!D2="","", RawData_着信!D2) -> 5866 | E4: =IF(RawData_着信!E2="","", RawData_着信!E2) -> 5751 | F4: =IF(RawData_着信!F2="","", RawData_着信!F2) | G4: =IF(RawData_着信!G2="","", RawData_着信!G2) -> 流山
A5: =IF(RawData_着信!A3="","", RawData_着信!A3) -> 横浜 | B5: =IF(RawData_着信!B3="","", RawData_着信!B3) -> 532 | C5: =IF(RawData_着信!C3="","", RawData_着信!C3) -> 425 | D5: =IF(RawData_着信!D3="","", RawData_着信!D3) -> 6626 | E5: =IF(RawData_着信!E3="","", RawData_着信!E3) -> 6635 | F5: =IF(RawData_着信!F3="","", RawData_着信!F3) | G5: =IF(RawData_着信!G3="","", RawData_着信!G3) -> 多摩
A6: =IF(RawData_着信!A4="","", RawData_着信!A4) -> 埼玉 | B6: =IF(RawData_着信!B4="","", RawData_着信!B4) -> 427 | C6: =IF(RawData_着信!C4="","", RawData_着信!C4) -> 324 | D6: =IF(RawData_着信!D4="","", RawData_着信!D4) -> 5168 | E6: =IF(RawData_着信!E4="","", RawData_着信!E4) -> 5597 | F6: =IF(RawData_着信!F4="","", RawData_着信!F4) | G6: =IF(RawData_着信!G4="","", RawData_着信!G4) -> 千葉・北関東
A7: =IF(RawData_着信!A5="","", RawData_着信!A5) -> 滋賀 | B7: =IF(RawData_着信!B5="","", RawData_着信!B5) -> 120 | C7: =IF(RawData_着信!C5="","", RawData_着信!C5) -> 94 | D7: =IF(RawData_着信!D5="","", RawData_着信!D5) -> 1683 | E7: =IF(RawData_着信!E5="","", RawData_着信!E5) -> 1773 | F7: =IF(RawData_着信!F5="","", RawData_着信!F5) | G7: =IF(RawData_着信!G5="","", RawData_着信!G5) -> 金沢
A8: =IF(RawData_着信!A6="","", RawData_着信!A6) -> 大阪 | B8: =IF(RawData_着信!B6="","", RawData_着信!B6) -> 316 | C8: =IF(RawData_着信!C6="","", RawData_着信!C6) -> 255 | D8: =IF(RawData_着信!D6="","", RawData_着信!D6) -> 1292 | E8: =IF(RawData_着信!E6="","", RawData_着信!E6) -> 212 | F8: =IF(RawData_着信!F6="","", RawData_着信!F6) -> 岡山 | G8: =IF(RawData_着信!G6="","", RawData_着信!G6)
A9: =IF(RawData_着信!A7="","", RawData_着信!A7) -> 千葉 | B9: =IF(RawData_着信!B7="","", RawData_着信!B7) -> 387 | C9: =IF(RawData_着信!C7="","", RawData_着信!C7) -> 292 | D9: =IF(RawData_着信!D7="","", RawData_着信!D7) -> 2110 | E9: =IF(RawData_着信!E7="","", RawData_着信!E7) -> 1551 | F9: =IF(RawData_着信!F7="","", RawData_着信!F7) -> 埼玉 | G9: =IF(RawData_着信!G7="","", RawData_着信!G7)
A10: =IF(RawData_着信!A8="","", RawData_着信!A8) -> 福岡 | B10: =IF(RawData_着信!B8="","", RawData_着信!B8) -> 1356 | C10: =IF(RawData_着信!C8="","", RawData_着信!C8) -> 1214 | D10: =IF(RawData_着信!D8="","", RawData_着信!D8) -> 4135 | E10: =IF(RawData_着信!E8="","", RawData_着信!E8) -> 4006 | F10: =IF(RawData_着信!F8="","", RawData_着信!F8) | G10: =IF(RawData_着信!G8="","", RawData_着信!G8) -> 広島・熊本
A11: =IF(RawData_着信!A9="","", RawData_着信!A9) -> 岡山 | B11: =IF(RawData_着信!B9="","", RawData_着信!B9) -> 412 | C11: =IF(RawData_着信!C9="","", RawData_着信!C9) -> 283 | D11: =IF(RawData_着信!D9="","", RawData_着信!D9) -> 2898 | E11: =IF(RawData_着信!E9="","", RawData_着信!E9) -> 4460 | F11: =IF(RawData_着信!F9="","", RawData_着信!F9) | G11: =IF(RawData_着信!G9="","", RawData_着信!G9) -> 大阪・静岡
A12: =IF(RawData_着信!A10="","", RawData_着信!A10) -> 名古屋 | B12: =IF(RawData_着信!B10="","", RawData_着信!B10) -> 648 | C12: =IF(RawData_着信!C10="","", RawData_着信!C10) -> 605 | D12: =IF(RawData_着信!D10="","", RawData_着信!D10) -> 2028 | E12: =IF(RawData_着信!E10="","", RawData_着信!E10) -> 1940 | F12: =IF(RawData_着信!F10="","", RawData_着信!F10) | G12: =IF(RawData_着信!G10="","", RawData_着信!G10)
A13: =IF(RawData_着信!A11="","", RawData_着信!A11) -> 仙台 | B13: =IF(RawData_着信!B11="","", RawData_着信!B11) -> 400 | C13: =IF(RawData_着信!C11="","", RawData_着信!C11) -> 246 | D13: =IF(RawData_着信!D11="","", RawData_着信!D11) -> 4499 | E13: =IF(RawData_着信!E11="","", RawData_着信!E11) -> 4619 | F13: =IF(RawData_着信!F11="","", RawData_着信!F11) | G13: =IF(RawData_着信!G11="","", RawData_着信!G11) -> 札幌
A14: =IF(RawData_着信!A12="","", RawData_着信!A12) -> 流山 | B14: =IF(RawData_着信!B12="","", RawData_着信!B12) -> 504 | C14: =IF(RawData_着信!C12="","", RawData_着信!C12) -> 343 | D14: =IF(RawData_着信!D12="","", RawData_着信!D12) -> 780 | E14: =IF(RawData_着信!E12="","", RawData_着信!E12) -> 695 | F14: =IF(RawData_着信!F12="","", RawData_着信!F12) | G14: =IF(RawData_着信!G12="","", RawData_着信!G12)
A15: =IF(RawData_着信!A13="","", RawData_着信!A13) -> 本社 | B15: =IF(RawData_着信!B13="","", RawData_着信!B13) -> 230 | C15: =IF(RawData_着信!C13="","", RawData_着信!C13) -> 0 | D15: =IF(RawData_着信!D13="","", RawData_着信!D13) -> 1061 | E15: =IF(RawData_着信!E13="","", RawData_着信!E13) -> 0 | F15: =IF(RawData_着信!F13="","", RawData_着信!F13) | G15: =IF(RawData_着信!G13="","", RawData_着信!G13)
... A53: =IF(RawData_着信!A51="","", RawData_着信!A51) | B53: =IF(RawData_着信!B51="","", RawData_着信!B51) | C53: =IF(RawData_着信!C51="","", RawData_着信!C51) | D53: =IF(RawData_着信!D51="","", RawData_着信!D51) | E53: =IF(RawData_着信!E51="","", RawData_着信!E51) | F53: =IF(RawData_着信!F51="","", RawData_着信!F51) | G53: =IF(RawData_着信!G51="","", RawData_着信!G51)

Sheet RawData_着信
A1: 拠点 | B1: 内線_入電 | C1: 内線_着電 | D1: 外線_入電 | E1: 外線_着電 | F1: 他拠点へ転送 | G1: 他拠点から転送
A2: 東京 | B2: 447 | C2: 366 | D2: 5866 | E2: 5751 | G2: 流山
A3: 横浜 | B3: 532 | C3: 425 | D3: 6626 | E3: 6635 | G3: 多摩
A4: 埼玉 | B4: 427 | C4: 324 | D4: 5168 | E4: 5597 | G4: 千葉・北関東
A5: 滋賀 | B5: 120 | C5: 94 | D5: 1683 | E5: 1773 | G5: 金沢
A6: 大阪 | B6: 316 | C6: 255 | D6: 1292 | E6: 212 | F6: 岡山
A7: 千葉 | B7: 387 | C7: 292 | D7: 2110 | E7: 1551 | F7: 埼玉
A8: 福岡 | B8: 1356 | C8: 1214 | D8: 4135 | E8: 4006 | G8: 広島・熊本
A9: 岡山 | B9: 412 | C9: 283 | D9: 2898 | E9: 4460 | G9: 大阪・静岡
A10: 名古屋 | B10: 648 | C10: 605 | D10: 2028 | E10: 1940
A11: 仙台 | B11: 400 | C11: 246 | D11: 4499 | E11: 4619 | G11: 札幌
A12: 流山 | B12: 504 | C12: 343 | D12: 780 | E12: 695
A13: 本社 | B13: 230 | C13: 0 | D13: 1061 | E13: 0
A14: 札幌 | B14: 180 | C14: 89 | D14: 395 | E14: 28
A15: 本社IT | B15: 211 | C15: 159 | D15: 0 | E15: 131
A16: 大阪(ダイヤテック) | B16: 0 | C16: 0 | D16: 154 | E16: 0
A17: 本社取締役 | B17: 1 | C17: 0 | D17: 0 | E17: 0
A18: 多摩 | B18: 48 | C18: 25 | D18: 545 | E18: 144
A19: 本社EC | B19: 357 | C19: 332 | D19: 35 | E19: 366
A20: 北関東 | B20: 18 | C20: 10 | D20: 354 | E20: 0
A21: 本社商品開発 | B21: 6 | C21: 1 | D21: 0 | E21: 0
A22: 本社営業本部 | B22: 5 | C22: 3 | D22: 0 | E22: 0
A23: 本社購買 | B23: 42 | C23: 39 | D23: 0 | E23: 17
... A34: 合計 | B34: 7945 | C34: 6170 | D34: 43560 | E34: 41158

Sheet Report_従業員
A1: 2. 従業員別 実績
A3: 名前 | B3: 拠点 | C3: 受発注 | D3: 内線 | E3: 通話時間／秒 | F3: 外線 | G3: 通話時間／秒.1 | H3: 2025-11-01 | I3: 2025-11-02 | J3: 2025-11-03 | K3: 2025-11-04 | L3: 2025-11-05 | M3: 2025-11-06 | N3: 2025-11-07 | O3: 2025-11-08 | P3: 2025-11-09 | Q3: 2025-11-10 | R3: 2025-11-11 | S3: 2025-11-12 | T3: 2025-11-13 | U3: 2025-11-14 | V3: 2025-11-15 | W3: 2025-11-16 | X3: 2025-11-17 | Y3: 2025-11-18 | Z3: 2025-11-19 | AA3: 2025-11-20 | AB3: 2025-11-21 | AC3: 2025-11-22 | AD3: 2025-11-23 | AE3: 2025-11-24 | AF3: 2025-11-25 | AG3: 2025-11-26 | AH3: 2025-11-27 | AI3: 2025-11-28 | AJ3: 2025-11-29 | AK3: 2025-11-30 | AL3: 稼働日 | AM3: 内外線計 | AN3: 1日平均
A4: =IF(RawData_従業員!A2="","", RawData_従業員!A2) -> 中風裕司 | B4: =IF(RawData_従業員!B2="","", RawData_従業員!B2) -> 東京 | C4: =IF(RawData_従業員!C2="","", RawData_従業員!C2) | D4: =IF(RawData_従業員!D2="","", RawData_従業員!D2) -> 2 | E4: =IF(RawData_従業員!E2="","", RawData_従業員!E2) -> 49.5 | F4: =IF(RawData_従業員!F2="","", RawData_従業員!F2) -> 58 | G4: =IF(RawData_従業員!G2="","", RawData_従業員!G2) -> 53.1 | H4: =IF(RawData_従業員!H2="","", RawData_従業員!H2) -> 0 | ... AN4: =IF(RawData_従業員!AN2="","", RawData_従業員!AN2) -> 3.5
A5: =IF(RawData_従業員!A3="","", RawData_従業員!A3) -> 佐々木美咲 | B5: =IF(RawData_従業員!B3="","", RawData_従業員!B3) -> 東京 | C5: =IF(RawData_従業員!C3="","", RawData_従業員!C3) -> 受発注 | D5: =IF(RawData_従業員!D3="","", RawData_従業員!D3) -> 36 | E5: =IF(RawData_従業員!E3="","", RawData_従業員!E3) -> 48.3 | F5: =IF(RawData_従業員!F3="","", RawData_従業員!F3) -> 706 | G5: =IF(RawData_従業員!G3="","", RawData_従業員!G3) -> 60.9 | H5: =IF(RawData_従業員!H3="","", RawData_従業員!H3) -> 0 | ... AN5: =IF(RawData_従業員!AN3="","", RawData_従業員!AN3) -> 53
A6: =IF(RawData_従業員!A4="","", RawData_従業員!A4) -> 共用 | B6: =IF(RawData_従業員!B4="","", RawData_従業員!B4) -> 東京 | C6: =IF(RawData_従業員!C4="","", RawData_従業員!C4) | D6: =IF(RawData_従業員!D4="","", RawData_従業員!D4) -> 0 | E6: =IF(RawData_従業員!E4="","", RawData_従業員!E4) -> 0 | F6: =IF(RawData_従業員!F4="","", RawData_従業員!F4) -> 87 | G6: =IF(RawData_従業員!G4="","", RawData_従業員!G4) -> 81.5 | H6: =IF(RawData_従業員!H4="","", RawData_従業員!H4) -> 0 | ... AN6: =IF(RawData_従業員!AN4="","", RawData_従業員!AN4) -> 4.8
A7: =IF(RawData_従業員!A5="","", RawData_従業員!A5) -> 北林友希 | B7: =IF(RawData_従業員!B5="","", RawData_従業員!B5) -> 東京 | C7: =IF(RawData_従業員!C5="","", RawData_従業員!C5) -> 受発注 | D7: =IF(RawData_従業員!D5="","", RawData_従業員!D5) -> 72 | E7: =IF(RawData_従業員!E5="","", RawData_従業員!E5) -> 53.7 | F7: =IF(RawData_従業員!F5="","", RawData_従業員!F5) -> 1252 | G7: =IF(RawData_従業員!G5="","", RawData_従業員!G5) -> 65 | H7: =IF(RawData_従業員!H5="","", RawData_従業員!H5) -> 0 | ... AN7: =IF(RawData_従業員!AN5="","", RawData_従業員!AN5) -> 73.6
A8: =IF(RawData_従業員!A6="","", RawData_従業員!A6) -> 坂田智世 | B8: =IF(RawData_従業員!B6="","", RawData_従業員!B6) -> 東京 | C8: =IF(RawData_従業員!C6="","", RawData_従業員!C6) -> 受発注 | D8: =IF(RawData_従業員!D6="","", RawData_従業員!D6) -> 4 | E8: =IF(RawData_従業員!E6="","", RawData_従業員!E6) -> 57 | F8: =IF(RawData_従業員!F6="","", RawData_従業員!F6) -> 77 | G8: =IF(RawData_従業員!G6="","", RawData_従業員!G6) -> 69.1 | H8: =IF(RawData_従業員!H6="","", RawData_従業員!H6) -> 0 | ... AN8: =IF(RawData_従業員!AN6="","", RawData_従業員!AN6) -> 5.1
A9: =IF(RawData_従業員!A7="","", RawData_従業員!A7) -> 徳島隆廣 | B9: =IF(RawData_従業員!B7="","", RawData_従業員!B7) -> 東京 | C9: =IF(RawData_従業員!C7="","", RawData_従業員!C7) | D9: =IF(RawData_従業員!D7="","", RawData_従業員!D7) -> 2 | E9: =IF(RawData_従業員!E7="","", RawData_従業員!E7) -> 67.5 | F9: =IF(RawData_従業員!F7="","", RawData_従業員!F7) -> 11 | G9: =IF(RawData_従業員!G7="","", RawData_従業員!G7) -> 71 | H9: =IF(RawData_従業員!H7="","", RawData_従業員!H7) -> 0 | ... AN9: =IF(RawData_従業員!AN7="","", RawData_従業員!AN7) -> 1.9
A10: =IF(RawData_従業員!A8="","", RawData_従業員!A8) -> 林まど佳 | B10: =IF(RawData_従業員!B8="","", RawData_従業員!B8) -> 東京 | C10: =IF(RawData_従業員!C8="","", RawData_従業員!C8) -> 受発注 | D10: =IF(RawData_従業員!D8="","", RawData_従業員!D8) -> 93 | E10: =IF(RawData_従業員!E8="","", RawData_従業員!E8) -> 46.3 | F10: =IF(RawData_従業員!F8="","", RawData_従業員!F8) -> 1336 | G10: =IF(RawData_従業員!G8="","", RawData_従業員!G8) -> 64.6 | H10: =IF(RawData_従業員!H8="","", RawData_従業員!H8) -> 0 | ... AN10: =IF(RawData_従業員!AN8="","", RawData_従業員!AN8) -> 79.4
A11: =IF(RawData_従業員!A9="","", RawData_従業員!A9) -> 浦野鉄平 | B11: =IF(RawData_従業員!B9="","", RawData_従業員!B9) -> 東京 | C11: =IF(RawData_従業員!C9="","", RawData_従業員!C9) | D11: =IF(RawData_従業員!D9="","", RawData_従業員!D9) -> 7 | E11: =IF(RawData_従業員!E9="","", RawData_従業員!E9) -> 53.3 | F11: =IF(RawData_従業員!F9="","", RawData_従業員!F9) -> 23 | G11: =IF(RawData_従業員!G9="","", RawData_従業員!G9) -> 56.5 | H11: =IF(RawData_従業員!H9="","", RawData_従業員!H9) -> 0 | ... AN11: =IF(RawData_従業員!AN9="","", RawData_従業員!AN9) -> 2.5
A12: =IF(RawData_従業員!A10="","", RawData_従業員!A10) -> 片桐芳夫 | B12: =IF(RawData_従業員!B10="","", RawData_従業員!B10) -> 東京 | C12: =IF(RawData_従業員!C10="","", RawData_従業員!C10) | D12: =IF(RawData_従業員!D10="","", RawData_従業員!D10) -> 7 | E12: =IF(RawData_従業員!E10="","", RawData_従業員!E10) -> 32.6 | F12: =IF(RawData_従業員!F10="","", RawData_従業員!F10) -> 119 | G12: =IF(RawData_従業員!G10="","", RawData_従業員!G10) -> 33.6 | H12: =IF(RawData_従業員!H10="","", RawData_従業員!H10) -> 1 | ... AN12: =IF(RawData_従業員!AN10="","", RawData_従業員!AN10) -> 5.7
A13: =IF(RawData_従業員!A11="","", RawData_従業員!A11) -> 玉川圭介 | B13: =IF(RawData_従業員!B11="","", RawData_従業員!B11) -> 東京 | C13: =IF(RawData_従業員!C11="","", RawData_従業員!C11) | D13: =IF(RawData_従業員!D11="","", RawData_従業員!D11) -> 2 | E13: =IF(RawData_従業員!E11="","", RawData_従業員!E11) -> 24 | F13: =IF(RawData_従業員!F11="","", RawData_従業員!F11) -> 38 | G13: =IF(RawData_従業員!G11="","", RawData_従業員!G11) -> 67.6 | H13: =IF(RawData_従業員!H11="","", RawData_従業員!H11) -> 0 | ... AN13: =IF(RawData_従業員!AN11="","", RawData_従業員!AN11) -> 2.7
A14: =IF(RawData_従業員!A12="","", RawData_従業員!A12) -> 田邉七海 | B14: =IF(RawData_従業員!B12="","", RawData_従業員!B12) -> 東京 | C14: =IF(RawData_従業員!C12="","", RawData_従業員!C12) | D14: =IF(RawData_従業員!D12="","", RawData_従業員!D12) -> 0 | E14: =IF(RawData_従業員!E12="","", RawData_従業員!E12) -> 0 | F14: =IF(RawData_従業員!F12="","", RawData_従業員!F12) -> 1 | G14: =IF(RawData_従業員!G12="","", RawData_従業員!G12) -> 53 | H14: =IF(RawData_従業員!H12="","", RawData_従業員!H12) -> 0 | ... AN14: =IF(RawData_従業員!AN12="","", RawData_従業員!AN12) -> 1
A15: =IF(RawData_従業員!A13="","", RawData_従業員!A13) -> 西垣彩 | B15: =IF(RawData_従業員!B13="","", RawData_従業員!B13) -> 東京 | C15: =IF(RawData_従業員!C13="","", RawData_従業員!C13) -> 受発注 | D15: =IF(RawData_従業員!D13="","", RawData_従業員!D13) -> 81 | E15: =IF(RawData_従業員!E13="","", RawData_従業員!E13) -> 54 | F15: =IF(RawData_従業員!F13="","", RawData_従業員!F13) -> 1236 | G15: =IF(RawData_従業員!G13="","", RawData_従業員!G13) -> 61.7 | H15: =IF(RawData_従業員!H13="","", RawData_従業員!H13) -> 0 | ... AN15: =IF(RawData_従業員!AN13="","", RawData_従業員!AN13) -> 77.5
... A53: =IF(RawData_従業員!A51="","", RawData_従業員!A51) -> 平野翔大 | B53: =IF(RawData_従業員!B51="","", RawData_従業員!B51) -> 千葉 | C53: =IF(RawData_従業員!C51="","", RawData_従業員!C51) | D53: =IF(RawData_従業員!D51="","", RawData_従業員!D51) -> 20 | E53: =IF(RawData_従業員!E51="","", RawData_従業員!E51) -> 52.7 | F53: =IF(RawData_従業員!F51="","", RawData_従業員!F51) -> 89 | G53: =IF(RawData_従業員!G51="","", RawData_従業員!G51) -> 60.9 | H53: =IF(RawData_従業員!H51="","", RawData_従業員!H51) -> 0 | ... AN53: =IF(RawData_従業員!AN51="","", RawData_従業員!AN51) -> 9.1

Sheet RawData_従業員
A1: 名前 | B1: 拠点 | C1: 受発注 | D1: 内線 | E1: 通話時間／秒 | F1: 外線 | G1: 通話時間／秒.1 | H1: 2025-11-01 | I1: 2025-11-02 | J1: 2025-11-03 | K1: 2025-11-04 | L1: 2025-11-05 | M1: 2025-11-06 | N1: 2025-11-07 | O1: 2025-11-08 | P1: 2025-11-09 | Q1: 2025-11-10 | R1: 2025-11-11 | S1: 2025-11-12 | T1: 2025-11-13 | U1: 2025-11-14 | V1: 2025-11-15 | W1: 2025-11-16 | X1: 2025-11-17 | Y1: 2025-11-18 | Z1: 2025-11-19 | AA1: 2025-11-20 | AB1: 2025-11-21 | AC1: 2025-11-22 | AD1: 2025-11-23 | AE1: 2025-11-24 | AF1: 2025-11-25 | AG1: 2025-11-26 | AH1: 2025-11-27 | AI1: 2025-11-28 | AJ1: 2025-11-29 | AK1: 2025-11-30 | AL1: 稼働日 | AM1: 内外線計 | AN1: 1日平均
A2: 中風裕司 | B2: 東京 | D2: 2 | E2: 49.5 | F2: 58 | G2: 53.1 | H2: 0 | I2: 0 | J2: 0 | K2: 2 | L2: 3 | M2: 4 | N2: 8 | O2: 0 | P2: 0 | Q2: 8 | R2: 2 | S2: 0 | T2: 4 | U2: 2 | V2: 0 | W2: 0 | X2: 2 | Y2: 3 | Z2: 1 | AA2: 1 | AB2: 4 | AC2: 0 | AD2: 0 | AE2: 0 | AF2: 7 | AG2: 4 | AH2: 2 | AI2: 3 | AJ2: 0 | AK2: 0 | AL2: 17 | AM2: 60 | AN2: 3.5
A3: 佐々木美咲 | B3: 東京 | C3: 受発注 | D3: 36 | E3: 48.3 | F3: 706 | G3: 60.9 | H3: 0 | I3: 0 | J3: 0 | K3: 39 | L3: 49 | M3: 69 | N3: 48 | O3: 0 | P3: 0 | Q3: 38 | R3: 58 | S3: 59 | T3: 58 | U3: 40 | V3: 0 | W3: 0 | X3: 61 | Y3: 72 | Z3: 48 | AA3: 57 | AB3: 46 | AC3: 0 | AD3: 0 | AE3: 0 | AF3: 0 | AG3: 0 | AH3: 0 | AI3: 0 | AJ3: 0 | AK3: 0 | AL3: 14 | AM3: 742 | AN3: 53
A4: 共用 | B4: 東京 | D4: 0 | E4: 0 | F4: 87 | G4: 81.5 | H4: 0 | I4: 0 | J4: 0 | K4: 6 | L4: 5 | M4: 6 | N4: 7 | O4: 0 | P4: 0 | Q4: 2 | R4: 3 | S4: 8 | T4: 1 | U4: 3 | V4: 0 | W4: 0 | X4: 2 | Y4: 7 | Z4: 6 | AA4: 5 | AB4: 6 | AC4: 0 | AD4: 0 | AE4: 0 | AF4: 5 | AG4: 6 | AH4: 4 | AI4: 5 | AJ4: 0 | AK4: 0 | AL4: 18 | AM4: 87 | AN4: 4.8
A5: 北林友希 | B5: 東京 | C5: 受発注 | D5: 72 | E5: 53.7 | F5: 1252 | G5: 65 | H5: 0 | I5: 0 | J5: 0 | K5: 90 | L5: 99 | M5: 78 | N5: 60 | O5: 0 | P5: 0 | Q5: 63 | R5: 83 | S5: 71 | T5: 70 | U5: 74 | V5: 0 | W5: 0 | X5: 69 | Y5: 74 | Z5: 56 | AA5: 58 | AB5: 68 | AC5: 0 | AD5: 0 | AE5: 0 | AF5: 78 | AG5: 94 | AH5: 74 | AI5: 65 | AJ5: 0 | AK5: 0 | AL5: 18 | AM5: 1324 | AN5: 73.6
A6: 坂田智世 | B6: 東京 | C6: 受発注 | D6: 4 | E6: 57 | F6: 77 | G6: 69.1 | H6: 0 | I6: 0 | J6: 0 | K6: 7 | L6: 8 | M6: 5 | N6: 2 | O6: 0 | P6: 0 | Q6: 2 | R6: 3 | S6: 1 | T6: 1 | U6: 2 | V6: 0 | W6: 0 | X6: 1 | Y6: 17 | Z6: 1 | AA6: 0 | AB6: 0 | AC6: 0 | AD6: 0 | AE6: 0 | AF6: 9 | AG6: 10 | AH6: 4 | AI6: 8 | AJ6: 0 | AK6: 0 | AL6: 16 | AM6: 81 | AN6: 5.1
A7: 徳島隆廣 | B7: 東京 | D7: 2 | E7: 67.5 | F7: 11 | G7: 71 | H7: 0 | I7: 0 | J7: 0 | K7: 2 | L7: 2 | M7: 0 | N7: 2 | O7: 0 | P7: 0 | Q7: 0 | R7: 1 | S7: 1 | T7: 0 | U7: 0 | V7: 0 | W7: 0 | X7: 0 | Y7: 0 | Z7: 0 | AA7: 2 | AB7: 3 | AC7: 0 | AD7: 0 | AE7: 0 | AF7: 0 | AG7: 0 | AH7: 0 | AI7: 0 | AJ7: 0 | AK7: 0 | AL7: 7 | AM7: 13 | AN7: 1.9
A8: 林まど佳 | B8: 東京 | C8: 受発注 | D8: 93 | E8: 46.3 | F8: 1336 | G8: 64.6 | H8: 0 | I8: 0 | J8: 0 | K8: 89 | L8: 77 | M8: 80 | N8: 79 | O8: 0 | P8: 0 | Q8: 80 | R8: 76 | S8: 87 | T8: 86 | U8: 86 | V8: 0 | W8: 0 | X8: 83 | Y8: 80 | Z8: 66 | AA8: 83 | AB8: 63 | AC8: 0 | AD8: 0 | AE8: 0 | AF8: 76 | AG8: 78 | AH8: 66 | AI8: 94 | AJ8: 0 | AK8: 0 | AL8: 18 | AM8: 1429 | AN8: 79.4
A9: 浦野鉄平 | B9: 東京 | D9: 7 | E9: 53.3 | F9: 23 | G9: 56.5 | H9: 0 | I9: 0 | J9: 0 | K9: 3 | L9: 1 | M9: 0 | N9: 3 | O9: 0 | P9: 0 | Q9: 1 | R9: 0 | S9: 2 | T9: 1 | U9: 0 | V9: 0 | W9: 0 | X9: 2 | Y9: 4 | Z9: 0 | AA9: 0 | AB9: 2 | AC9: 0 | AD9: 0 | AE9: 0 | AF9: 1 | AG9: 0 | AH9: 4 | AI9: 6 | AJ9: 0 | AK9: 0 | AL9: 12 | AM9: 30 | AN9: 2.5
A10: 片桐芳夫 | B10: 東京 | D10: 7 | E10: 32.6 | F10: 119 | G10: 33.6 | H10: 1 | I10: 0 | J10: 0 | K10: 8 | L10: 8 | M10: 8 | N10: 7 | O10: 1 | P10: 0 | Q10: 6 | R10: 4 | S10: 8 | T10: 3 | U10: 4 | V10: 1 | W10: 0 | X10: 5 | Y10: 5 | Z10: 8 | AA10: 9 | AB10: 9 | AC10: 0 | AD10: 0 | AE10: 0 | AF10: 8 | AG10: 5 | AH10: 7 | AI10: 7 | AJ10: 4 | AK10: 0 | AL10: 22 | AM10: 126 | AN10: 5.7
A11: 玉川圭介 | B11: 東京 | D11: 2 | E11: 24 | F11: 38 | G11: 67.6 | H11: 0 | I11: 0 | J11: 0 | K11: 6 | L11: 2 | M11: 4 | N11: 4 | O11: 0 | P11: 0 | Q11: 4 | R11: 1 | S11: 3 | T11: 2 | U11: 2 | V11: 0 | W11: 0 | X11: 0 | Y11: 0 | Z11: 3 | AA11: 3 | AB11: 1 | AC11: 0 | AD11: 0 | AE11: 0 | AF11: 2 | AG11: 2 | AH11: 1 | AI11: 0 | AJ11: 0 | AK11: 0 | AL11: 15 | AM11: 40 | AN11: 2.7
A12: 田邉七海 | B12: 東京 | D12: 0 | E12: 0 | F12: 1 | G12: 53 | H12: 0 | I12: 0 | J12: 0 | K12: 0 | L12: 0 | M12: 0 | N12: 0 | O12: 0 | P12: 0 | Q12: 0 | R12: 0 | S12: 0 | T12: 0 | U12: 0 | V12: 0 | W12: 0 | X12: 0 | Y12: 0 | Z12: 0 | AA12: 0 | AB12: 0 | AC12: 0 | AD12: 0 | AE12: 0 | AF12: 0 | AG12: 1 | AH12: 0 | AI12: 0 | AJ12: 0 | AK12: 0 | AL12: 1 | AM12: 1 | AN12: 1
A13: 西垣彩 | B13: 東京 | C13: 受発注 | D13: 81 | E13: 54 | F13: 1236 | G13: 61.7 | H13: 0 | I13: 0 | J13: 0 | K13: 81 | L13: 97 | M13: 87 | N13: 60 | O13: 0 | P13: 0 | Q13: 80 | R13: 73 | S13: 84 | T13: 67 | U13: 57 | V13: 0 | W13: 0 | X13: 79 | Y13: 0 | Z13: 71 | AA13: 70 | AB13: 85 | AC13: 0 | AD13: 0 | AE13: 0 | AF13: 92 | AG13: 81 | AH13: 77 | AI13: 76 | AJ13: 0 | AK13: 0 | AL13: 17 | AM13: 1317 | AN13: 77.5
A14: 豊島亮 | B14: 東京 | D14: 2 | E14: 68.5 | F14: 83 | G14: 65.2 | H14: 0 | I14: 0 | J14: 0 | K14: 8 | L14: 4 | M14: 2 | N14: 2 | O14: 0 | P14: 0 | Q14: 12 | R14: 5 | S14: 3 | T14: 5 | U14: 3 | V14: 0 | W14: 0 | X14: 1 | Y14: 8 | Z14: 4 | AA14: 2 | AB14: 5 | AC14: 0 | AD14: 0 | AE14: 0 | AF14: 4 | AG14: 1 | AH14: 10 | AI14: 6 | AJ14: 0 | AK14: 0 | AL14: 18 | AM14: 85 | AN14: 4.7
A15: 高澤早紀 | B15: 東京 | C15: 受発注 | D15: 58 | E15: 62.7 | F15: 724 | G15: 67.5 | H15: 0 | I15: 0 | J15: 0 | K15: 22 | L15: 17 | M15: 8 | N15: 42 | O15: 0 | P15: 0 | Q15: 42 | R15: 56 | S15: 19 | T15: 45 | U15: 35 | V15: 0 | W15: 0 | X15: 49 | Y15: 65 | Z15: 36 | AA15: 45 | AB15: 47 | AC15: 0 | AD15: 0 | AE15: 0 | AF15: 73 | AG15: 80 | AH15: 67 | AI15: 34 | AJ15: 0 | AK15: 0 | AL15: 18 | AM15: 782 | AN15: 43.4
A16: 中山満里奈 | B16: 横浜 | C16: 受発注 | D16: 77 | E16: 64.4 | F16: 947 | G16: 75.4 | H16: 0 | I16: 0 | J16: 0 | K16: 77 | L16: 76 | M16: 74 | N16: 62 | O16: 0 | P16: 0 | Q16: 56 | R16: 58 | S16: 59 | T16: 49 | U16: 50 | V16: 0 | W16: 0 | X16: 59 | Y16: 38 | Z16: 72 | AA16: 40 | AB16: 67 | AC16: 0 | AD16: 0 | AE16: 0 | AF16: 65 | AG16: 0 | AH16: 66 | AI16: 56 | AJ16: 0 | AK16: 0 | AL16: 17 | AM16: 1024 | AN16: 60.2
A17: 吉田玲 | B17: 横浜 | D17: 43 | E17: 56.8 | F17: 857 | G17: 78.5 | H17: 0 | I17: 0 | J17: 0 | K17: 60 | L17: 42 | M17: 26 | N17: 67 | O17: 0 | P17: 0 | Q17: 60 | R17: 48 | S17: 55 | T17: 63 | U17: 62 | V17: 0 | W17: 0 | X17: 30 | Y17: 54 | Z17: 52 | AA17: 46 | AB17: 57 | AC17: 0 | AD17: 0 | AE17: 0 | AF17: 63 | AG17: 61 | AH17: 25 | AI17: 29 | AJ17: 0 | AK17: 0 | AL17: 18 | AM17: 900 | AN17: 50
A18: 奥秋素子 | B18: 横浜 | C18: 受発注 | D18: 32 | E18: 53.9 | F18: 872 | G18: 76.5 | H18: 0 | I18: 0 | J18: 0 | K18: 43 | L18: 37 | M18: 20 | N18: 50 | O18: 0 | P18: 0 | Q18: 46 | R18: 59 | S18: 47 | T18: 52 | U18: 78 | V18: 0 | W18: 0 | X18: 54 | Y18: 49 | Z18: 54 | AA18: 50 | AB18: 79 | AC18: 0 | AD18: 0 | AE18: 0 | AF18: 48 | AG18: 51 | AH18: 51 | AI18: 36 | AJ18: 0 | AK18: 0 | AL18: 18 | AM18: 904 | AN18: 50.2
A19: 山﨑啓右 | B19: 横浜 | C19: 受発注 | D19: 35 | E19: 77.5 | F19: 732 | G19: 95.5 | H19: 0 | I19: 0 | J19: 0 | K19: 38 | L19: 48 | M19: 51 | N19: 32 | O19: 0 | P19: 0 | Q19: 48 | R19: 46 | S19: 53 | T19: 35 | U19: 47 | V19: 0 | W19: 0 | X19: 43 | Y19: 31 | Z19: 37 | AA19: 45 | AB19: 47 | AC19: 0 | AD19: 0 | AE19: 0 | AF19: 44 | AG19: 32 | AH19: 40 | AI19: 50 | AJ19: 0 | AK19: 0 | AL19: 18 | AM19: 767 | AN19: 42.6
A20: 川崎光弘 | B20: 横浜 | D20: 1 | E20: 22 | F20: 2 | G20: 66 | H20: 0 | I20: 0 | J20: 0 | K20: 0 | L20: 2 | M20: 0 | N20: 0 | O20: 0 | P20: 0 | Q20: 0 | R20: 0 | S20: 0 | T20: 0 | U20: 0 | V20: 0 | W20: 0 | X20: 0 | Y20: 1 | Z20: 0 | AA20: 0 | AB20: 0 | AC20: 0 | AD20: 0 | AE20: 0 | AF20: 0 | AG20: 0 | AH20: 0 | AI20: 0 | AJ20: 0 | AK20: 0 | AL20: 2 | AM20: 3 | AN20: 1.5
A21: 川崎瞳 | B21: 横浜 | C21: 受発注 | D21: 75 | E21: 134.5 | F21: 184 | G21: 85.7 | H21: 0 | I21: 0 | J21: 0 | K21: 21 | L21: 7 | M21: 14 | N21: 12 | O21: 0 | P21: 0 | Q21: 10 | R21: 12 | S21: 20 | T21: 12 | U21: 28 | V21: 0 | W21: 0 | X21: 19 | Y21: 9 | Z21: 5 | AA21: 9 | AB21: 16 | AC21: 0 | AD21: 0 | AE21: 0 | AF21: 23 | AG21: 11 | AH21: 14 | AI21: 17 | AJ21: 0 | AK21: 0 | AL21: 18 | AM21: 259 | AN21: 14.4
A22: 横内敦 | B22: 横浜 | D22: 2 | E22: 121 | F22: 14 | G22: 79.3 | H22: 0 | I22: 0 | J22: 0 | K22: 0 | L22: 0 | M22: 1 | N22: 0 | O22: 0 | P22: 0 | Q22: 1 | R22: 0 | S22: 0 | T22: 0 | U22: 0 | V22: 0 | W22: 0 | X22: 0 | Y22: 0 | Z22: 0 | AA22: 4 | AB22: 0 | AC22: 0 | AD22: 0 | AE22: 0 | AF22: 2 | AG22: 0 | AH22: 0 | AI22: 8 | AJ22: 0 | AK22: 0 | AL22: 5 | AM22: 16 | AN22: 3.2
A23: 田鹿僚志 | B23: 横浜 | D23: 3 | E23: 154 | F23: 40 | G23: 64.9 | H23: 0 | I23: 0 | J23: 0 | K23: 43 | L23: 0 | M23: 0 | N23: 0 | O23: 0 | P23: 0 | Q23: 0 | R23: 0 | S23: 0 | T23: 0 | U23: 0 | V23: 0 | W23: 0 | X23: 0 | Y23: 0 | Z23: 0 | AA23: 0 | AB23: 0 | AC23: 0 | AD23: 0 | AE23: 0 | AF23: 0 | AG23: 0 | AH23: 0 | AI23: 0 | AJ23: 0 | AK23: 0 | AL23: 1 | AM23: 43 | AN23: 43
A24: 笹生義満 | B24: 横浜 | D24: 0 | E24: 0 | F24: 1 | G24: 63 | H24: 0 | I24: 0 | J24: 0 | K24: 0 | L24: 0 | M24: 0 | N24: 0 | O24: 0 | P24: 0 | Q24: 0 | R24: 0 | S24: 0 | T24: 0 | U24: 0 | V24: 0 | W24: 0 | X24: 0 | Y24: 0 | Z24: 0 | AA24: 0 | AB24: 0 | AC24: 0 | AD24: 0 | AE24: 0 | AF24: 1 | AG24: 0 | AH24: 0 | AI24: 0 | AJ24: 0 | AK24: 0 | AL24: 1 | AM24: 1 | AN24: 1
A25: 舞智江 | B25: 横浜 | C25: 受発注 | D25: 71 | E25: 69 | F25: 1024 | G25: 81.2 | H25: 0 | I25: 0 | J25: 0 | K25: 43 | L25: 46 | M25: 57 | N25: 69 | O25: 0 | P25: 0 | Q25: 88 | R25: 72 | S25: 44 | T25: 59 | U25: 0 | V25: 0 | W25: 0 | X25: 80 | Y25: 55 | Z25: 84 | AA25: 89 | AB25: 53 | AC25: 0 | AD25: 0 | AE25: 0 | AF25: 78 | AG25: 79 | AH25: 27 | AI25: 72 | AJ25: 0 | AK25: 0 | AL25: 17 | AM25: 1095 | AN25: 64.4
A26: 萩原直美 | B26: 横浜 | C26: 受発注 | D26: 59 | E26: 82.7 | F26: 908 | G26: 80.8 | H26: 0 | I26: 0 | J26: 0 | K26: 75 | L26: 61 | M26: 89 | N26: 46 | O26: 0 | P26: 0 | Q26: 17 | R26: 36 | S26: 50 | T26: 51 | U26: 52 | V26: 0 | W26: 0 | X26: 35 | Y26: 36 | Z26: 17 | AA26: 70 | AB26: 58 | AC26: 0 | AD26: 0 | AE26: 0 | AF26: 52 | AG26: 51 | AH26: 98 | AI26: 73 | AJ26: 0 | AK26: 0 | AL26: 18 | AM26: 967 | AN26: 53.7
A27: 青木観奈 | B27: 横浜 | C27: 受発注 | D27: 27 | E27: 79.6 | F27: 1054 | G27: 86.1 | H27: 0 | I27: 0 | J27: 0 | K27: 37 | L27: 69 | M27: 91 | N27: 77 | O27: 0 | P27: 0 | Q27: 67 | R27: 66 | S27: 63 | T27: 53 | U27: 64 | V27: 0 | W27: 0 | X27: 67 | Y27: 51 | Z27: 57 | AA27: 50 | AB27: 0 | AC27: 0 | AD27: 0 | AE27: 0 | AF27: 32 | AG27: 81 | AH27: 80 | AI27: 76 | AJ27: 0 | AK27: 0 | AL27: 17 | AM27: 1081 | AN27: 63.6
A28: 久保貴志 | B28: 埼玉 | D28: 4 | E28: 61.5 | F28: 91 | G28: 43.5 | H28: 0 | I28: 0 | J28: 0 | K28: 4 | L28: 3 | M28: 3 | N28: 3 | O28: 0 | P28: 0 | Q28: 4 | R28: 5 | S28: 3 | T28: 1 | U28: 5 | V28: 0 | W28: 0 | X28: 4 | Y28: 5 | Z28: 4 | AA28: 8 | AB28: 5 | AC28: 0 | AD28: 0 | AE28: 0 | AF28: 3 | AG28: 5 | AH28: 4 | AI28: 26 | AJ28: 0 | AK28: 0 | AL28: 18 | AM28: 95 | AN28: 5.3
A29: 池田千恵子 | B29: 埼玉 | C29: 受発注 | D29: 31 | E29: 73.2 | F29: 628 | G29: 83.8 | H29: 0 | I29: 0 | J29: 0 | K29: 7 | L29: 1 | M29: 3 | N29: 31 | O29: 0 | P29: 0 | Q29: 37 | R29: 47 | S29: 33 | T29: 42 | U29: 44 | V29: 0 | W29: 0 | X29: 42 | Y29: 39 | Z29: 50 | AA29: 48 | AB29: 37 | AC29: 0 | AD29: 0 | AE29: 0 | AF29: 39 | AG29: 49 | AH29: 47 | AI29: 63 | AJ29: 0 | AK29: 0 | AL29: 18 | AM29: 659 | AN29: 36.6
A30: 田邉裕介 | B30: 埼玉 | D30: 4 | E30: 129.5 | F30: 25 | G30: 69.8 | H30: 0 | I30: 0 | J30: 0 | K30: 3 | L30: 1 | M30: 4 | N30: 2 | O30: 0 | P30: 0 | Q30: 1 | R30: 0 | S30: 1 | T30: 0 | U30: 0 | V30: 0 | W30: 0 | X30: 0 | Y30: 0 | Z30: 0 | AA30: 2 | AB30: 2 | AC30: 0 | AD30: 0 | AE30: 0 | AF30: 3 | AG30: 0 | AH30: 1 | AI30: 9 | AJ30: 0 | AK30: 0 | AL30: 11 | AM30: 29 | AN30: 2.6
A31: 矢島静音 | B31: 埼玉 | C31: 受発注 | D31: 8 | E31: 79.4 | F31: 627 | G31: 98.2 | H31: 0 | I31: 0 | J31: 0 | K31: 53 | L31: 53 | M31: 0 | N31: 0 | O31: 0 | P31: 0 | Q31: 50 | R31: 37 | S31: 64 | T31: 40 | U31: 44 | V31: 0 | W31: 0 | X31: 30 | Y31: 0 | Z31: 0 | AA31: 31 | AB31: 46 | AC31: 0 | AD31: 0 | AE31: 0 | AF31: 47 | AG31: 38 | AH31: 59 | AI31: 43 | AJ31: 0 | AK31: 0 | AL31: 14 | AM31: 635 | AN31: 45.4
A32: 石川恵理 | B32: 埼玉 | C32: 受発注 | D32: 46 | E32: 60.6 | F32: 986 | G32: 64.4 | H32: 0 | I32: 0 | J32: 0 | K32: 67 | L32: 66 | M32: 72 | N32: 68 | O32: 0 | P32: 0 | Q32: 63 | R32: 52 | S32: 63 | T32: 78 | U32: 0 | V32: 0 | W32: 0 | X32: 54 | Y32: 60 | Z32: 76 | AA32: 43 | AB32: 55 | AC32: 0 | AD32: 0 | AE32: 0 | AF32: 56 | AG32: 44 | AH32: 49 | AI32: 66 | AJ32: 0 | AK32: 0 | AL32: 17 | AM32: 1032 | AN32: 60.7
A33: 竹内梓 | B33: 埼玉 | C33: 受発注 | D33: 23 | E33: 85.7 | F33: 683 | G33: 106.2 | H33: 0 | I33: 0 | J33: 0 | K33: 25 | L33: 35 | M33: 47 | N33: 48 | O33: 0 | P33: 0 | Q33: 24 | R33: 48 | S33: 27 | T33: 22 | U33: 39 | V33: 0 | W33: 0 | X33: 35 | Y33: 44 | Z33: 44 | AA33: 41 | AB33: 43 | AC33: 0 | AD33: 0 | AE33: 0 | AF33: 45 | AG33: 44 | AH33: 40 | AI33: 55 | AJ33: 0 | AK33: 0 | AL33: 18 | AM33: 706 | AN33: 39.2
A34: 篠宮寛織 | B34: 埼玉 | D34: 1 | E34: 40 | F34: 30 | G34: 63.6 | H34: 0 | I34: 0 | J34: 0 | K34: 4 | L34: 2 | M34: 5 | N34: 0 | O34: 0 | P34: 0 | Q34: 2 | R34: 1 | S34: 2 | T34: 1 | U34: 0 | V34: 0 | W34: 0 | X34: 1 | Y34: 1 | Z34: 2 | AA34: 0 | AB34: 1 | AC34: 0 | AD34: 0 | AE34: 0 | AF34: 1 | AG34: 1 | AH34: 7 | AI34: 0 | AJ34: 0 | AK34: 0 | AL34: 14 | AM34: 31 | AN34: 2.2
A35: 細田昌子 | B35: 埼玉 | C35: 受発注 | D35: 108 | E35: 117.3 | F35: 813 | G35: 81.1 | H35: 0 | I35: 0 | J35: 0 | K35: 72 | L35: 77 | M35: 88 | N35: 64 | O35: 0 | P35: 0 | Q35: 43 | R35: 45 | S35: 57 | T35: 50 | U35: 66 | V35: 0 | W35: 0 | X35: 54 | Y35: 66 | Z35: 47 | AA35: 34 | AB35: 49 | AC35: 0 | AD35: 0 | AE35: 0 | AF35: 59 | AG35: 50 | AH35: 0 | AI35: 0 | AJ35: 0 | AK35: 0 | AL35: 16 | AM35: 921 | AN35: 57.6
A36: 豊田里花 | B36: 埼玉 | C36: 受発注 | D36: 34 | E36: 43.8 | F36: 986 | G36: 69.3 | H36: 0 | I36: 0 | J36: 0 | K36: 58 | L36: 61 | M36: 66 | N36: 65 | O36: 0 | P36: 0 | Q36: 60 | R36: 40 | S36: 52 | T36: 55 | U36: 75 | V36: 0 | W36: 0 | X36: 86 | Y36: 67 | Z36: 52 | AA36: 50 | AB36: 58 | AC36: 0 | AD36: 0 | AE36: 0 | AF36: 68 | AG36: 48 | AH36: 59 | AI36: 0 | AJ36: 0 | AK36: 0 | AL36: 17 | AM36: 1020 | AN36: 60
A37: 金子友希 | B37: 埼玉 | C37: 受発注 | D37: 64 | E37: 65.1 | F37: 698 | G37: 73.6 | H37: 0 | I37: 0 | J37: 0 | K37: 46 | L37: 55 | M37: 66 | N37: 62 | O37: 0 | P37: 0 | Q37: 37 | R37: 37 | S37: 32 | T37: 32 | U37: 43 | V37: 0 | W37: 0 | X37: 36 | Y37: 35 | Z37: 40 | AA37: 30 | AB37: 25 | AC37: 0 | AD37: 0 | AE37: 0 | AF37: 42 | AG37: 44 | AH37: 40 | AI37: 60 | AJ37: 0 | AK37: 0 | AL37: 18 | AM37: 762 | AN37: 42.3
A38: 関野和彦 | B38: 埼玉 | D38: 1 | E38: 124 | F38: 30 | G38: 114.6 | H38: 0 | I38: 0 | J38: 0 | K38: 2 | L38: 0 | M38: 5 | N38: 3 | O38: 0 | P38: 0 | Q38: 3 | R38: 2 | S38: 2 | T38: 0 | U38: 3 | V38: 0 | W38: 0 | X38: 0 | Y38: 0 | Z38: 3 | AA38: 1 | AB38: 0 | AC38: 0 | AD38: 0 | AE38: 0 | AF38: 1 | AG38: 1 | AH38: 1 | AI38: 4 | AJ38: 0 | AK38: 0 | AL38: 13 | AM38: 31 | AN38: 2.4
A39: 北出智子 | B39: 滋賀 | C39: 受発注 | D39: 32 | E39: 122.8 | F39: 145 | G39: 81.2 | H39: 0 | I39: 0 | J39: 0 | K39: 7 | L39: 7 | M39: 13 | N39: 6 | O39: 0 | P39: 0 | Q39: 5 | R39: 9 | S39: 15 | T39: 7 | U39: 13 | V39: 0 | W39: 0 | X39: 12 | Y39: 14 | Z39: 7 | AA39: 3 | AB39: 10 | AC39: 0 | AD39: 0 | AE39: 0 | AF39: 20 | AG39: 13 | AH39: 9 | AI39: 7 | AJ39: 0 | AK39: 0 | AL39: 18 | AM39: 177 | AN39: 9.8
A40: 松井治美 | B40: 滋賀 | C40: 受発注 | D40: 22 | E40: 69.8 | F40: 427 | G40: 81.9 | H40: 0 | I40: 0 | J40: 0 | K40: 27 | L40: 21 | M40: 30 | N40: 36 | O40: 0 | P40: 0 | Q40: 24 | R40: 24 | S40: 18 | T40: 33 | U40: 20 | V40: 0 | W40: 0 | X40: 21 | Y40: 24 | Z40: 30 | AA40: 26 | AB40: 14 | AC40: 0 | AD40: 0 | AE40: 0 | AF40: 26 | AG40: 27 | AH40: 26 | AI40: 22 | AJ40: 0 | AK40: 0 | AL40: 18 | AM40: 449 | AN40: 24.9
A41: 梅原薫 | B41: 滋賀 | C41: 受発注 | D41: 27 | E41: 44.8 | F41: 647 | G41: 70.6 | H41: 0 | I41: 0 | J41: 0 | K41: 41 | L41: 33 | M41: 25 | N41: 43 | O41: 0 | P41: 0 | Q41: 32 | R41: 41 | S41: 61 | T41: 44 | U41: 39 | V41: 0 | W41: 0 | X41: 39 | Y41: 42 | Z41: 36 | AA41: 26 | AB41: 38 | AC41: 0 | AD41: 0 | AE41: 0 | AF41: 28 | AG41: 44 | AH41: 38 | AI41: 24 | AJ41: 0 | AK41: 0 | AL41: 18 | AM41: 674 | AN41: 37.4
A42: 筆坂雪子 | B42: 滋賀 | C42: 受発注 | D42: 13 | E42: 65 | F42: 554 | G42: 86.2 | H42: 0 | I42: 0 | J42: 0 | K42: 43 | L42: 33 | M42: 35 | N42: 29 | O42: 0 | P42: 0 | Q42: 35 | R42: 32 | S42: 37 | T42: 26 | U42: 28 | V42: 0 | W42: 0 | X42: 28 | Y42: 20 | Z42: 39 | AA42: 26 | AB42: 33 | AC42: 0 | AD42: 0 | AE42: 0 | AF42: 25 | AG42: 33 | AH42: 29 | AI42: 36 | AJ42: 0 | AK42: 0 | AL42: 18 | AM42: 567 | AN42: 31.5
A43: 中澤勇作 | B43: 大阪 | D43: 0 | E43: 0 | F43: 12 | G43: 53.3 | H43: 0 | I43: 0 | J43: 0 | K43: 0 | L43: 0 | M43: 0 | N43: 0 | O43: 0 | P43: 0 | Q43: 0 | R43: 1 | S43: 0 | T43: 0 | U43: 2 | V43: 0 | W43: 0 | X43: 2 | Y43: 0 | Z43: 2 | AA43: 0 | AB43: 3 | AC43: 0 | AD43: 0 | AE43: 0 | AF43: 2 | AG43: 0 | AH43: 0 | AI43: 0 | AJ43: 0 | AK43: 0 | AL43: 6 | AM43: 12 | AN43: 2
A44: 川越良隆 | B44: 大阪 | D44: 6 | E44: 58.2 | F44: 17 | G44: 83.8 | H44: 0 | I44: 0 | J44: 0 | K44: 1 | L44: 1 | M44: 2 | N44: 2 | O44: 0 | P44: 0 | Q44: 1 | R44: 0 | S44: 3 | T44: 1 | U44: 2 | V44: 0 | W44: 0 | X44: 0 | Y44: 3 | Z44: 1 | AA44: 5 | AB44: 0 | AC44: 0 | AD44: 0 | AE44: 0 | AF44: 0 | AG44: 0 | AH44: 1 | AI44: 0 | AJ44: 0 | AK44: 0 | AL44: 12 | AM44: 23 | AN44: 1.9
A45: 松下愛 | B45: 大阪 | C45: 受発注 | D45: 238 | E45: 57.5 | F45: 135 | G45: 77.8 | H45: 0 | I45: 0 | J45: 0 | K45: 19 | L45: 25 | M45: 14 | N45: 18 | O45: 0 | P45: 0 | Q45: 25 | R45: 25 | S45: 22 | T45: 19 | U45: 33 | V45: 0 | W45: 0 | X45: 7 | Y45: 23 | Z45: 21 | AA45: 26 | AB45: 21 | AC45: 0 | AD45: 0 | AE45: 0 | AF45: 24 | AG45: 19 | AH45: 10 | AI45: 22 | AJ45: 0 | AK45: 0 | AL45: 18 | AM45: 373 | AN45: 20.7
A46: 榎本優生 | B46: 大阪 | D46: 3 | E46: 91.7 | F46: 25 | G46: 78.6 | H46: 0 | I46: 0 | J46: 0 | K46: 4 | L46: 1 | M46: 1 | N46: 0 | O46: 0 | P46: 0 | Q46: 1 | R46: 3 | S46: 0 | T46: 1 | U46: 1 | V46: 0 | W46: 0 | X46: 2 | Y46: 0 | Z46: 0 | AA46: 2 | AB46: 1 | AC46: 0 | AD46: 0 | AE46: 0 | AF46: 3 | AG46: 2 | AH46: 5 | AI46: 1 | AJ46: 0 | AK46: 0 | AL46: 14 | AM46: 28 | AN46: 2
A47: 池田拓未 | B47: 大阪 | D47: 2 | E47: 93 | F47: 15 | G47: 62.3 | H47: 0 | I47: 0 | J47: 0 | K47: 1 | L47: 0 | M47: 0 | N47: 3 | O47: 0 | P47: 0 | Q47: 0 | R47: 0 | S47: 1 | T47: 0 | U47: 1 | V47: 0 | W47: 0 | X47: 0 | Y47: 1 | Z47: 0 | AA47: 0 | AB47: 0 | AC47: 0 | AD47: 0 | AE47: 0 | AF47: 4 | AG47: 1 | AH47: 1 | AI47: 4 | AJ47: 0 | AK47: 0 | AL47: 9 | AM47: 17 | AN47: 1.9
A48: 濱地裕彦 | B48: 大阪 | D48: 6 | E48: 80 | F48: 8 | G48: 72.4 | H48: 0 | I48: 0 | J48: 0 | K48: 1 | L48: 2 | M48: 2 | N48: 1 | O48: 0 | P48: 0 | Q48: 1 | R48: 0 | S48: 0 | T48: 0 | U48: 0 | V48: 0 | W48: 0 | X48: 1 | Y48: 0 | Z48: 5 | AA48: 0 | AB48: 0 | AC48: 0 | AD48: 0 | AE48: 0 | AF48: 0 | AG48: 1 | AH48: 0 | AI48: 0 | AJ48: 0 | AK48: 0 | AL48: 8 | AM48: 14 | AN48: 1.8
A49: 小島佳奈 | B49: 千葉 | D49: 1 | E49: 78 | F49: 26 | G49: 71.2 | H49: 0 | I49: 0 | J49: 0 | K49: 0 | L49: 0 | M49: 11 | N49: 3 | O49: 0 | P49: 0 | Q49: 0 | R49: 2 | S49: 0 | T49: 0 | U49: 0 | V49: 0 | W49: 0 | X49: 0 | Y49: 0 | Z49: 0 | AA49: 4 | AB49: 0 | AC49: 0 | AD49: 0 | AE49: 0 | AF49: 0 | AG49: 5 | AH49: 0 | AI49: 2 | AJ49: 0 | AK49: 0 | AL49: 6 | AM49: 27 | AN49: 4.5
A50: 小島佳菜 | B50: 千葉 | C50: 受発注 | D50: 198 | E50: 52.6 | F50: 1070 | G50: 55 | H50: 0 | I50: 0 | J50: 0 | K50: 102 | L50: 73 | M50: 67 | N50: 67 | O50: 0 | P50: 0 | Q50: 88 | R50: 77 | S50: 2 | T50: 62 | U50: 74 | V50: 0 | W50: 0 | X50: 86 | Y50: 72 | Z50: 57 | AA50: 72 | AB50: 70 | AC50: 0 | AD50: 0 | AE50: 0 | AF50: 80 | AG50: 80 | AH50: 64 | AI50: 75 | AJ50: 0 | AK50: 0 | AL50: 18 | AM50: 1268 | AN50: 70.4
A51: 平野翔大 | B51: 千葉 | D51: 20 | E51: 52.7 | F51: 89 | G51: 60.9 | H51: 0 | I51: 0 | J51: 0 | K51: 8 | L51: 18 | M51: 11 | N51: 0 | O51: 0 | P51: 0 | Q51: 0 | R51: 0 | S51: 0 | T51: 0 | U51: 0 | V51: 0 | W51: 0 | X51: 5 | Y51: 10 | Z51: 7 | AA51: 8 | AB51: 8 | AC51: 0 | AD51: 0 | AE51: 0 | AF51: 8 | AG51: 11 | AH51: 7 | AI51: 8 | AJ51: 0 | AK51: 0 | AL51: 12 | AM51: 109 | AN51: 9.1
A52: 膳英一郎 | B52: 千葉 | D52: 13 | E52: 86.5 | F52: 21 | G52: 60.3 | H52: 0 | I52: 0 | J52: 0 | K52: 4 | L52: 0 | M52: 0 | N52: 3 | O52: 0 | P52: 0 | Q52: 3 | R52: 0 | S52: 0 | T52: 1 | U52: 2 | V52: 0 | W52: 0 | X52: 4 | Y52: 0 | Z52: 0 | AA52: 0 | AB52: 3 | AC52: 0 | AD52: 0 | AE52: 0 | AF52: 1 | AG52: 0 | AH52: 2 | AI52: 11 | AJ52: 0 | AK52: 0 | AL52: 10 | AM52: 34 | AN52: 3.4
A53: 菊地寿治 | B53: 千葉 | D53: 15 | E53: 57.6 | F53: 120 | G53: 72.5 | H53: 0 | I53: 0 | J53: 0 | K53: 6 | L53: 3 | M53: 8 | N53: 9 | O53: 0 | P53: 0 | Q53: 5 | R53: 14 | S53: 14 | T53: 6 | U53: 3 | V53: 0 | W53: 0 | X53: 6 | Y53: 8 | Z53: 2 | AA53: 3 | AB53: 0 | AC53: 0 | AD53: 0 | AE53: 0 | AF53: 6 | AG53: 4 | AH53: 4 | AI53: 34 | AJ53: 0 | AK53: 0 | AL53: 17 | AM53: 135 | AN53: 7.9
A54: 遠藤和行 | B54: 千葉 | D54: 45 | E54: 64.6 | F54: 225 | G54: 72.4 | H54: 0 | I54: 0 | J54: 0 | K54: 14 | L54: 16 | M54: 21 | N54: 14 | O54: 0 | P54: 0 | Q54: 18 | R54: 14 | S54: 45 | T54: 27 | U54: 13 | V54: 0 | W54: 0 | X54: 8 | Y54: 8 | Z54: 13 | AA54: 15 | AB54: 4 | AC54: 0 | AD54: 0 | AE54: 0 | AF54: 8 | AG54: 16 | AH54: 6 | AI54: 10 | AJ54: 0 | AK54: 0 | AL54: 18 | AM54: 270 | AN54: 15
A55: 北島朋 | B55: 福岡 | D55: 9 | E55: 65.2 | F55: 0 | G55: 0 | H55: 0 | I55: 0 | J55: 0 | K55: 0 | L55: 0 | M55: 0 | N55: 1 | O55: 0 | P55: 0 | Q55: 0 | R55: 0 | S55: 0 | T55: 4 | U55: 0 | V55: 0 | W55: 0 | X55: 1 | Y55: 1 | Z55: 0 | AA55: 2 | AB55: 0 | AC55: 0 | AD55: 0 | AE55: 0 | AF55: 0 | AG55: 0 | AH55: 0 | AI55: 0 | AJ55: 0 | AK55: 0 | AL55: 5 | AM55: 9 | AN55: 1.8
A56: 奥薗美和 | B56: 福岡 | C56: 受発注 | D56: 214 | E56: 87.2 | F56: 1094 | G56: 92 | H56: 0 | I56: 0 | J56: 0 | K56: 94 | L56: 98 | M56: 94 | N56: 76 | O56: 0 | P56: 0 | Q56: 88 | R56: 74 | S56: 72 | T56: 71 | U56: 77 | V56: 0 | W56: 0 | X56: 90 | Y56: 57 | Z56: 74 | AA56: 67 | AB56: 50 | AC56: 0 | AD56: 0 | AE56: 0 | AF56: 69 | AG56: 82 | AH56: 75 | AI56: 0 | AJ56: 0 | AK56: 0 | AL56: 17 | AM56: 1308 | AN56: 76.9
A57: 山崎芹奈 | B57: 福岡 | C57: 受発注 | D57: 204 | E57: 52.3 | F57: 620 | G57: 69.5 | H57: 0 | I57: 0 | J57: 0 | K57: 73 | L57: 46 | M57: 54 | N57: 53 | O57: 0 | P57: 0 | Q57: 43 | R57: 34 | S57: 30 | T57: 34 | U57: 45 | V57: 0 | W57: 0 | X57: 52 | Y57: 41 | Z57: 35 | AA57: 27 | AB57: 42 | AC57: 0 | AD57: 0 | AE57: 0 | AF57: 46 | AG57: 52 | AH57: 40 | AI57: 77 | AJ57: 0 | AK57: 0 | AL57: 18 | AM57: 824 | AN57: 45.8
A58: 平山弘之 | B58: 福岡 | D58: 18 | E58: 127.1 | F58: 0 | G58: 0 | H58: 0 | I58: 0 | J58: 0 | K58: 0 | L58: 2 | M58: 2 | N58: 1 | O58: 0 | P58: 0 | Q58: 1 | R58: 1 | S58: 1 | T58: 0 | U58: 2 | V58: 0 | W58: 0 | X58: 1 | Y58: 0 | Z58: 2 | AA58: 2 | AB58: 1 | AC58: 0 | AD58: 0 | AE58: 0 | AF58: 1 | AG58: 0 | AH58: 0 | AI58: 1 | AJ58: 0 | AK58: 0 | AL58: 13 | AM58: 18 | AN58: 1.4
A59: 松尾明日香 | B59: 福岡 | C59: 受発注 | D59: 293 | E59: 87.1 | F59: 900 | G59: 82.4 | H59: 0 | I59: 0 | J59: 0 | K59: 67 | L59: 101 | M59: 101 | N59: 86 | O59: 0 | P59: 0 | Q59: 30 | R59: 57 | S59: 57 | T59: 52 | U59: 78 | V59: 0 | W59: 0 | X59: 68 | Y59: 50 | Z59: 56 | AA59: 68 | AB59: 50 | AC59: 0 | AD59: 0 | AE59: 0 | AF59: 68 | AG59: 64 | AH59: 61 | AI59: 79 | AJ59: 0 | AK59: 0 | AL59: 18 | AM59: 1193 | AN59: 66.3
A60: 松添愛 | B60: 福岡 | C60: 受発注 | D60: 263 | E60: 67.8 | F60: 556 | G60: 82.9 | H60: 0 | I60: 0 | J60: 0 | K60: 59 | L60: 18 | M60: 5 | N60: 43 | O60: 0 | P60: 0 | Q60: 53 | R60: 49 | S60: 31 | T60: 54 | U60: 46 | V60: 0 | W60: 0 | X60: 55 | Y60: 41 | Z60: 42 | AA60: 54 | AB60: 55 | AC60: 0 | AD60: 0 | AE60: 0 | AF60: 52 | AG60: 56 | AH60: 51 | AI60: 55 | AJ60: 0 | AK60: 0 | AL60: 18 | AM60: 819 | AN60: 45.5
A61: 重松宝成 | B61: 福岡 | C61: 受発注 | D61: 213 | E61: 70.8 | F61: 836 | G61: 82.7 | H61: 0 | I61: 0 | J61: 0 | K61: 53 | L61: 80 | M61: 74 | N61: 64 | O61: 0 | P61: 0 | Q61: 74 | R61: 59 | S61: 49 | T61: 55 | U61: 56 | V61: 0 | W61: 0 | X61: 70 | Y61: 40 | Z61: 48 | AA61: 55 | AB61: 57 | AC61: 0 | AD61: 0 | AE61: 0 | AF61: 48 | AG61: 66 | AH61: 44 | AI61: 57 | AJ61: 0 | AK61: 0 | AL61: 18 | AM61: 1049 | AN61: 58.3
A62: 伊藤優 | B62: 岡山 | C62: 受発注 | D62: 55 | E62: 68 | F62: 780 | G62: 81.6 | H62: 0 | I62: 0 | J62: 0 | K62: 23 | L62: 20 | M62: 31 | N62: 59 | O62: 0 | P62: 0 | Q62: 25 | R62: 82 | S62: 61 | T62: 85 | U62: 0 | V62: 0 | W62: 0 | X62: 55 | Y62: 54 | Z62: 39 | AA62: 56 | AB62: 43 | AC62: 0 | AD62: 0 | AE62: 0 | AF62: 33 | AG62: 53 | AH62: 68 | AI62: 48 | AJ62: 0 | AK62: 0 | AL62: 17 | AM62: 835 | AN62: 49.1
A63: 北添恵 | B63: 岡山 | D63: 20 | E63: 77.9 | F63: 0 | G63: 0 | H63: 0 | I63: 0 | J63: 0 | K63: 0 | L63: 0 | M63: 2 | N63: 2 | O63: 0 | P63: 0 | Q63: 1 | R63: 1 | S63: 1 | T63: 3 | U63: 2 | V63: 0 | W63: 0 | X63: 2 | Y63: 3 | Z63: 0 | AA63: 1 | AB63: 2 | AC63: 0 | AD63: 0 | AE63: 0 | AF63: 0 | AG63: 0 | AH63: 0 | AI63: 0 | AJ63: 0 | AK63: 0 | AL63: 11 | AM63: 20 | AN63: 1.8
A64: 山崎修二 | B64: 岡山 | D64: 1 | E64: 59 | F64: 34 | G64: 76.6 | H64: 0 | I64: 0 | J64: 0 | K64: 0 | L64: 0 | M64: 0 | N64: 0 | O64: 0 | P64: 0 | Q64: 0 | R64: 0 | S64: 0 | T64: 0 | U64: 0 | V64: 0 | W64: 0 | X64: 0 | Y64: 0 | Z64: 1 | AA64: 26 | AB64: 8 | AC64: 0 | AD64: 0 | AE64: 0 | AF64: 0 | AG64: 0 | AH64: 0 | AI64: 0 | AJ64: 0 | AK64: 0 | AL64: 3 | AM64: 35 | AN64: 11.7
A65: 岩佐寛子 | B65: 岡山 | C65: 受発注 | D65: 24 | E65: 103.3 | F65: 785 | G65: 86 | H65: 0 | I65: 0 | J65: 0 | K65: 42 | L65: 50 | M65: 39 | N65: 52 | O65: 0 | P65: 0 | Q65: 38 | R65: 56 | S65: 51 | T65: 53 | U65: 68 | V65: 0 | W65: 0 | X65: 33 | Y65: 43 | Z65: 38 | AA65: 34 | AB65: 37 | AC65: 0 | AD65: 0 | AE65: 0 | AF65: 42 | AG65: 48 | AH65: 54 | AI65: 31 | AJ65: 0 | AK65: 0 | AL65: 18 | AM65: 809 | AN65: 44.9
A66: 岸本麻衣子 | B66: 岡山 | C66: 受発注 | D66: 55 | E66: 80.9 | F66: 670 | G66: 93.4 | H66: 0 | I66: 0 | J66: 0 | K66: 61 | L66: 49 | M66: 23 | N66: 20 | O66: 0 | P66: 0 | Q66: 49 | R66: 0 | S66: 0 | T66: 59 | U66: 61 | V66: 0 | W66: 0 | X66: 40 | Y66: 17 | Z66: 49 | AA66: 43 | AB66: 46 | AC66: 0 | AD66: 0 | AE66: 0 | AF66: 47 | AG66: 53 | AH66: 58 | AI66: 50 | AJ66: 0 | AK66: 0 | AL66: 16 | AM66: 725 | AN66: 45.3
A67: 武政彩果 | B67: 岡山 | C67: 受発注 | D67: 47 | E67: 57 | F67: 751 | G67: 77.2 | H67: 0 | I67: 0 | J67: 0 | K67: 84 | L67: 67 | M67: 71 | N67: 80 | O67: 0 | P67: 0 | Q67: 44 | R67: 23 | S67: 40 | T67: 0 | U67: 0 | V67: 0 | W67: 0 | X67: 0 | Y67: 0 | Z67: 70 | AA67: 65 | AB67: 47 | AC67: 0 | AD67: 0 | AE67: 0 | AF67: 67 | AG67: 76 | AH67: 64 | AI67: 0 | AJ67: 0 | AK67: 0 | AL67: 13 | AM67: 798 | AN67: 61.4
A68: 河原由布子 | B68: 岡山 | C68: 受発注 | D68: 37 | E68: 71.9 | F68: 801 | G68: 87.9 | H68: 0 | I68: 0 | J68: 0 | K68: 0 | L68: 59 | M68: 53 | N68: 47 | O68: 0 | P68: 0 | Q68: 44 | R68: 61 | S68: 50 | T68: 55 | U68: 49 | V68: 0 | W68: 0 | X68: 38 | Y68: 45 | Z68: 41 | AA68: 56 | AB68: 41 | AC68: 0 | AD68: 0 | AE68: 0 | AF68: 57 | AG68: 49 | AH68: 54 | AI68: 39 | AJ68: 0 | AK68: 0 | AL68: 17 | AM68: 838 | AN68: 49.3
A69: 矢野夏絵 | B69: 岡山 | C69: 受発注 | D69: 44 | E69: 121.2 | F69: 639 | G69: 85.1 | H69: 0 | I69: 0 | J69: 0 | K69: 58 | L69: 46 | M69: 48 | N69: 54 | O69: 0 | P69: 0 | Q69: 45 | R69: 63 | S69: 0 | T69: 55 | U69: 50 | V69: 0 | W69: 0 | X69: 48 | Y69: 58 | Z69: 16 | AA69: 12 | AB69: 22 | AC69: 0 | AD69: 0 | AE69: 0 | AF69: 37 | AG69: 0 | AH69: 0 | AI69: 71 | AJ69: 0 | AK69: 0 | AL69: 15 | AM69: 683 | AN69: 45.5
A70: 加藤周平 | B70: 名古屋 | D70: 6 | E70: 88 | F70: 1 | G70: 51 | H70: 0 | I70: 0 | J70: 0 | K70: 4 | L70: 0 | M70: 1 | N70: 0 | O70: 0 | P70: 0 | Q70: 0 | R70: 0 | S70: 0 | T70: 0 | U70: 0 | V70: 0 | W70: 0 | X70: 0 | Y70: 0 | Z70: 0 | AA70: 0 | AB70: 0 | AC70: 0 | AD70: 0 | AE70: 0 | AF70: 0 | AG70: 1 | AH70: 1 | AI70: 0 | AJ70: 0 | AK70: 0 | AL70: 4 | AM70: 7 | AN70: 1.8
A71: 大渕温子 | B71: 名古屋 | C71: 受発注 | D71: 262 | E71: 145.9 | F71: 341 | G71: 98.6 | H71: 0 | I71: 0 | J71: 0 | K71: 66 | L71: 35 | M71: 30 | N71: 29 | O71: 0 | P71: 0 | Q71: 38 | R71: 30 | S71: 23 | T71: 42 | U71: 20 | V71: 0 | W71: 0 | X71: 32 | Y71: 35 | Z71: 20 | AA71: 31 | AB71: 49 | AC71: 0 | AD71: 0 | AE71: 0 | AF71: 52 | AG71: 25 | AH71: 15 | AI71: 31 | AJ71: 0 | AK71: 0 | AL71: 18 | AM71: 603 | AN71: 33.5
A72: 水島奈美 | B72: 名古屋 | C72: 受発注 | D72: 110 | E72: 81.2 | F72: 655 | G72: 74.2 | H72: 0 | I72: 0 | J72: 0 | K72: 0 | L72: 61 | M72: 58 | N72: 46 | O72: 0 | P72: 0 | Q72: 41 | R72: 29 | S72: 57 | T72: 35 | U72: 51 | V72: 0 | W72: 0 | X72: 50 | Y72: 67 | Z72: 51 | AA72: 48 | AB72: 15 | AC72: 0 | AD72: 0 | AE72: 0 | AF72: 0 | AG72: 55 | AH72: 50 | AI72: 51 | AJ72: 0 | AK72: 0 | AL72: 16 | AM72: 765 | AN72: 47.8
A73: 玉腰千恵 | B73: 名古屋 | C73: 受発注 | D73: 87 | E73: 89.9 | F73: 388 | G73: 93.7 | H73: 0 | I73: 0 | J73: 0 | K73: 0 | L73: 35 | M73: 34 | N73: 19 | O73: 0 | P73: 0 | Q73: 37 | R73: 23 | S73: 22 | T73: 29 | U73: 22 | V73: 0 | W73: 0 | X73: 33 | Y73: 26 | Z73: 22 | AA73: 21 | AB73: 36 | AC73: 0 | AD73: 0 | AE73: 0 | AF73: 42 | AG73: 25 | AH73: 26 | AI73: 23 | AJ73: 0 | AK73: 0 | AL73: 17 | AM73: 475 | AN73: 27.9
A74: 稲垣みちる | B74: 名古屋 | C74: 受発注 | D74: 132 | E74: 88.2 | F74: 543 | G74: 98.9 | H74: 0 | I74: 0 | J74: 0 | K74: 59 | L74: 40 | M74: 45 | N74: 28 | O74: 0 | P74: 0 | Q74: 42 | R74: 28 | S74: 50 | T74: 35 | U74: 21 | V74: 0 | W74: 0 | X74: 39 | Y74: 39 | Z74: 32 | AA74: 31 | AB74: 48 | AC74: 0 | AD74: 0 | AE74: 0 | AF74: 38 | AG74: 33 | AH74: 32 | AI74: 35 | AJ74: 0 | AK74: 0 | AL74: 18 | AM74: 675 | AN74: 37.5
A75: 髙木昂平 | B75: 名古屋 | D75: 8 | E75: 100.3 | F75: 12 | G75: 94.6 | H75: 0 | I75: 0 | J75: 0 | K75: 16 | L75: 2 | M75: 0 | N75: 0 | O75: 0 | P75: 0 | Q75: 0 | R75: 0 | S75: 0 | T75: 0 | U75: 0 | V75: 0 | W75: 0 | X75: 0 | Y75: 1 | Z75: 0 | AA75: 0 | AB75: 0 | AC75: 0 | AD75: 0 | AE75: 0 | AF75: 0 | AG75: 0 | AH75: 0 | AI75: 1 | AJ75: 0 | AK75: 0 | AL75: 4 | AM75: 20 | AN75: 5
A76: 仁藤佳美 | B76: 仙台 | C76: 受発注 | D76: 54 | E76: 93.5 | F76: 1092 | G76: 81 | H76: 0 | I76: 0 | J76: 0 | K76: 63 | L76: 68 | M76: 38 | N76: 63 | O76: 0 | P76: 0 | Q76: 66 | R76: 80 | S76: 48 | T76: 64 | U76: 52 | V76: 0 | W76: 0 | X76: 61 | Y76: 52 | Z76: 78 | AA76: 65 | AB76: 49 | AC76: 0 | AD76: 0 | AE76: 0 | AF76: 79 | AG76: 78 | AH76: 73 | AI76: 69 | AJ76: 0 | AK76: 0 | AL76: 18 | AM76: 1146 | AN76: 63.7
A77: 今野裕基 | B77: 仙台 | D77: 0 | E77: 0 | F77: 13 | G77: 63.4 | H77: 0 | I77: 0 | J77: 0 | K77: 1 | L77: 0 | M77: 1 | N77: 0 | O77: 0 | P77: 0 | Q77: 4 | R77: 0 | S77: 0 | T77: 0 | U77: 1 | V77: 0 | W77: 0 | X77: 0 | Y77: 2 | Z77: 0 | AA77: 0 | AB77: 0 | AC77: 0 | AD77: 0 | AE77: 0 | AF77: 1 | AG77: 0 | AH77: 3 | AI77: 0 | AJ77: 0 | AK77: 0 | AL77: 7 | AM77: 13 | AN77: 1.9
A78: 及川憲佑 | B78: 仙台 | D78: 4 | E78: 120.8 | F78: 63 | G78: 75.3 | H78: 0 | I78: 0 | J78: 0 | K78: 3 | L78: 3 | M78: 5 | N78: 6 | O78: 0 | P78: 0 | Q78: 1 | R78: 3 | S78: 6 | T78: 0 | U78: 10 | V78: 0 | W78: 0 | X78: 4 | Y78: 1 | Z78: 6 | AA78: 2 | AB78: 1 | AC78: 0 | AD78: 0 | AE78: 0 | AF78: 4 | AG78: 6 | AH78: 5 | AI78: 1 | AJ78: 0 | AK78: 0 | AL78: 17 | AM78: 67 | AN78: 3.9
A79: 真壁彰子 | B79: 仙台 | C79: 受発注 | D79: 46 | E79: 58 | F79: 910 | G79: 77.8 | H79: 0 | I79: 0 | J79: 0 | K79: 50 | L79: 45 | M79: 67 | N79: 43 | O79: 0 | P79: 0 | Q79: 46 | R79: 56 | S79: 41 | T79: 57 | U79: 50 | V79: 0 | W79: 0 | X79: 71 | Y79: 58 | Z79: 67 | AA79: 62 | AB79: 40 | AC79: 0 | AD79: 0 | AE79: 0 | AF79: 0 | AG79: 62 | AH79: 56 | AI79: 85 | AJ79: 0 | AK79: 0 | AL79: 17 | AM79: 956 | AN79: 56.2
A80: 阿部かおり | B80: 仙台 | C80: 受発注 | D80: 88 | E80: 83.6 | F80: 1147 | G80: 66.3 | H80: 0 | I80: 0 | J80: 0 | K80: 71 | L80: 80 | M80: 86 | N80: 36 | O80: 0 | P80: 0 | Q80: 61 | R80: 64 | S80: 78 | T80: 78 | U80: 62 | V80: 0 | W80: 0 | X80: 0 | Y80: 67 | Z80: 84 | AA80: 77 | AB80: 76 | AC80: 0 | AD80: 0 | AE80: 0 | AF80: 98 | AG80: 64 | AH80: 92 | AI80: 61 | AJ80: 0 | AK80: 0 | AL80: 17 | AM80: 1235 | AN80: 72.6
A81: 阿部和成 | B81: 仙台 | D81: 0 | E81: 0 | F81: 9 | G81: 49 | H81: 0 | I81: 0 | J81: 0 | K81: 1 | L81: 0 | M81: 0 | N81: 0 | O81: 0 | P81: 0 | Q81: 0 | R81: 2 | S81: 0 | T81: 2 | U81: 1 | V81: 0 | W81: 0 | X81: 0 | Y81: 1 | Z81: 0 | AA81: 0 | AB81: 0 | AC81: 0 | AD81: 0 | AE81: 0 | AF81: 0 | AG81: 1 | AH81: 1 | AI81: 0 | AJ81: 0 | AK81: 0 | AL81: 7 | AM81: 9 | AN81: 1.3
A82: 高橋哲也 | B82: 仙台 | D82: 22 | E82: 369.6 | F82: 57 | G82: 66.7 | H82: 0 | I82: 0 | J82: 0 | K82: 0 | L82: 5 | M82: 2 | N82: 3 | O82: 0 | P82: 0 | Q82: 2 | R82: 1 | S82: 3 | T82: 2 | U82: 7 | V82: 1 | W82: 1 | X82: 12 | Y82: 0 | Z82: 4 | AA82: 3 | AB82: 9 | AC82: 0 | AD82: 0 | AE82: 0 | AF82: 21 | AG82: 1 | AH82: 2 | AI82: 0 | AJ82: 0 | AK82: 0 | AL82: 17 | AM82: 79 | AN82: 4.6
A83: 齋藤詩織 | B83: 仙台 | C83: 受発注 | D83: 32 | E83: 70.6 | F83: 1328 | G83: 81.5 | H83: 0 | I83: 0 | J83: 0 | K83: 91 | L83: 77 | M83: 87 | N83: 89 | O83: 0 | P83: 0 | Q83: 75 | R83: 77 | S83: 89 | T83: 74 | U83: 28 | V83: 0 | W83: 0 | X83: 74 | Y83: 56 | Z83: 81 | AA83: 73 | AB83: 66 | AC83: 0 | AD83: 0 | AE83: 0 | AF83: 86 | AG83: 77 | AH83: 77 | AI83: 83 | AJ83: 0 | AK83: 0 | AL83: 18 | AM83: 1360 | AN83: 75.6
A84: 浅沼潤也 | B84: 流山 | D84: 99 | E84: 62.5 | F84: 0 | G84: 0 | H84: 0 | I84: 0 | J84: 0 | K84: 5 | L84: 10 | M84: 7 | N84: 5 | O84: 0 | P84: 0 | Q84: 3 | R84: 2 | S84: 10 | T84: 4 | U84: 0 | V84: 0 | W84: 0 | X84: 8 | Y84: 2 | Z84: 4 | AA84: 7 | AB84: 6 | AC84: 0 | AD84: 0 | AE84: 0 | AF84: 1 | AG84: 10 | AH84: 3 | AI84: 12 | AJ84: 0 | AK84: 0 | AL84: 17 | AM84: 99 | AN84: 5.8
A85: 石田拓海 | B85: 流山 | D85: 26 | E85: 64.1 | F85: 118 | G85: 71 | H85: 0 | I85: 0 | J85: 0 | K85: 3 | L85: 22 | M85: 12 | N85: 12 | O85: 0 | P85: 0 | Q85: 0 | R85: 5 | S85: 6 | T85: 7 | U85: 21 | V85: 0 | W85: 0 | X85: 3 | Y85: 11 | Z85: 7 | AA85: 6 | AB85: 14 | AC85: 0 | AD85: 0 | AE85: 0 | AF85: 6 | AG85: 6 | AH85: 2 | AI85: 1 | AJ85: 0 | AK85: 0 | AL85: 17 | AM85: 144 | AN85: 8.5
A86: 蒲原健吾 | B86: 流山 | D86: 46 | E86: 130.7 | F86: 38 | G86: 67.9 | H86: 0 | I86: 0 | J86: 0 | K86: 4 | L86: 6 | M86: 9 | N86: 5 | O86: 0 | P86: 0 | Q86: 3 | R86: 3 | S86: 6 | T86: 7 | U86: 3 | V86: 0 | W86: 0 | X86: 4 | Y86: 2 | Z86: 7 | AA86: 2 | AB86: 3 | AC86: 0 | AD86: 0 | AE86: 0 | AF86: 6 | AG86: 7 | AH86: 5 | AI86: 2 | AJ86: 0 | AK86: 0 | AL86: 18 | AM86: 84 | AN86: 4.7
A87: 鴻池千紗都 | B87: 流山 | C87: 受発注 | D87: 172 | E87: 64.1 | F87: 539 | G87: 73.8 | H87: 0 | I87: 0 | J87: 0 | K87: 34 | L87: 49 | M87: 40 | N87: 41 | O87: 0 | P87: 0 | Q87: 38 | R87: 48 | S87: 35 | T87: 41 | U87: 48 | V87: 0 | W87: 0 | X87: 37 | Y87: 41 | Z87: 39 | AA87: 31 | AB87: 43 | AC87: 0 | AD87: 0 | AE87: 0 | AF87: 35 | AG87: 32 | AH87: 35 | AI87: 44 | AJ87: 0 | AK87: 0 | AL87: 18 | AM87: 711 | AN87: 39.5
A88: 上甲なつみ | B88: MF大阪 | D88: 3 | E88: 129 | F88: 171 | G88: 128.2 | H88: 0 | I88: 0 | J88: 0 | K88: 15 | L88: 9 | M88: 9 | N88: 19 | O88: 0 | P88: 0 | Q88: 13 | R88: 3 | S88: 5 | T88: 9 | U88: 0 | V88: 0 | W88: 0 | X88: 6 | Y88: 7 | Z88: 8 | AA88: 12 | AB88: 6 | AC88: 0 | AD88: 0 | AE88: 0 | AF88: 9 | AG88: 11 | AH88: 20 | AI88: 13 | AJ88: 0 | AK88: 0 | AL88: 17 | AM88: 174 | AN88: 10.2
A89: 中村翔 | B89: 熊本 | D89: 4 | E89: 166 | F89: 0 | G89: 0 | H89: 0 | I89: 0 | J89: 0 | K89: 1 | L89: 0 | M89: 0 | N89: 0 | O89: 0 | P89: 0 | Q89: 0 | R89: 0 | S89: 0 | T89: 0 | U89: 0 | V89: 0 | W89: 0 | X89: 0 | Y89: 0 | Z89: 0 | AA89: 0 | AB89: 0 | AC89: 0 | AD89: 0 | AE89: 0 | AF89: 3 | AG89: 0 | AH89: 0 | AI89: 0 | AJ89: 0 | AK89: 0 | AL89: 2 | AM89: 4 | AN89: 2
A90: 五戸勇気 | B90: 本社輸入 | D90: 51 | E90: 112.7 | F90: 33 | G90: 174.3 | H90: 0 | I90: 0 | J90: 0 | K90: 10 | L90: 0 | M90: 1 | N90: 0 | O90: 0 | P90: 0 | Q90: 3 | R90: 11 | S90: 5 | T90: 3 | U90: 5 | V90: 0 | W90: 0 | X90: 6 | Y90: 2 | Z90: 13 | AA90: 6 | AB90: 0 | AC90: 0 | AD90: 0 | AE90: 0 | AF90: 2 | AG90: 4 | AH90: 8 | AI90: 5 | AJ90: 0 | AK90: 0 | AL90: 15 | AM90: 84 | AN90: 5.6
A91: 伊達幸子 | B91: MF東京 | D91: 20 | E91: 87.7 | F91: 297 | G91: 105.6 | H91: 0 | I91: 0 | J91: 0 | K91: 31 | L91: 18 | M91: 4 | N91: 2 | O91: 0 | P91: 0 | Q91: 30 | R91: 44 | S91: 27 | T91: 7 | U91: 4 | V91: 0 | W91: 0 | X91: 27 | Y91: 22 | Z91: 18 | AA91: 3 | AB91: 2 | AC91: 0 | AD91: 0 | AE91: 0 | AF91: 34 | AG91: 38 | AH91: 2 | AI91: 4 | AJ91: 0 | AK91: 0 | AL91: 18 | AM91: 317 | AN91: 17.6
A92: 佐々木大樹 | B92: 多摩 | D92: 11 | E92: 148.1 | F92: 66 | G92: 89.9 | H92: 0 | I92: 0 | J92: 0 | K92: 2 | L92: 6 | M92: 6 | N92: 2 | O92: 0 | P92: 0 | Q92: 10 | R92: 4 | S92: 1 | T92: 6 | U92: 1 | V92: 0 | W92: 0 | X92: 8 | Y92: 3 | Z92: 6 | AA92: 6 | AB92: 1 | AC92: 0 | AD92: 0 | AE92: 0 | AF92: 4 | AG92: 1 | AH92: 3 | AI92: 7 | AJ92: 0 | AK92: 0 | AL92: 18 | AM92: 77 | AN92: 4.3
A93: 内田優美 | B93: MF大阪 | D93: 61 | E93: 94.2 | F93: 5 | G93: 94.8 | H93: 0 | I93: 0 | J93: 0 | K93: 4 | L93: 2 | M93: 7 | N93: 4 | O93: 0 | P93: 0 | Q93: 5 | R93: 0 | S93: 1 | T93: 3 | U93: 8 | V93: 0 | W93: 0 | X93: 5 | Y93: 0 | Z93: 6 | AA93: 3 | AB93: 6 | AC93: 0 | AD93: 0 | AE93: 0 | AF93: 4 | AG93: 5 | AH93: 1 | AI93: 2 | AJ93: 0 | AK93: 0 | AL93: 16 | AM93: 66 | AN93: 4.1
A94: 別府菜々美 | B94: 本社EC | D94: 43 | E94: 71.2 | F94: 65 | G94: 168.3 | H94: 0 | I94: 0 | J94: 0 | K94: 3 | L94: 4 | M94: 2 | N94: 7 | O94: 0 | P94: 0 | Q94: 9 | R94: 2 | S94: 5 | T94: 7 | U94: 8 | V94: 0 | W94: 0 | X94: 1 | Y94: 10 | Z94: 3 | AA94: 9 | AB94: 7 | AC94: 0 | AD94: 0 | AE94: 0 | AF94: 14 | AG94: 5 | AH94: 5 | AI94: 7 | AJ94: 0 | AK94: 0 | AL94: 18 | AM94: 108 | AN94: 6
A95: 加藤啓太 | B95: MF東京 | D95: 2 | E95: 62 | F95: 0 | G95: 0 | H95: 0 | I95: 0 | J95: 0 | K95: 0 | L95: 0 | M95: 0 | N95: 0 | O95: 0 | P95: 0 | Q95: 0 | R95: 0 | S95: 0 | T95: 0 | U95: 0 | V95: 0 | W95: 0 | X95: 1 | Y95: 0 | Z95: 0 | AA95: 0 | AB95: 0 | AC95: 0 | AD95: 0 | AE95: 0 | AF95: 0 | AG95: 0 | AH95: 1 | AI95: 0 | AJ95: 0 | AK95: 0 | AL95: 2 | AM95: 2 | AN95: 1
A96: 印藤躍 | B96: 本社EC | D96: 20 | E96: 125.9 | F96: 54 | G96: 162.9 | H96: 0 | I96: 0 | J96: 0 | K96: 0 | L96: 0 | M96: 0 | N96: 0 | O96: 0 | P96: 0 | Q96: 0 | R96: 0 | S96: 0 | T96: 0 | U96: 3 | V96: 0 | W96: 0 | X96: 20 | Y96: 0 | Z96: 6 | AA96: 0 | AB96: 10 | AC96: 0 | AD96: 0 | AE96: 0 | AF96: 16 | AG96: 8 | AH96: 0 | AI96: 11 | AJ96: 0 | AK96: 0 | AL96: 7 | AM96: 74 | AN96: 10.6
A97: 吉澤拓也 | B97: MF東京 | D97: 7 | E97: 288.7 | F97: 2 | G97: 97.5 | H97: 0 | I97: 0 | J97: 0 | K97: 0 | L97: 3 | M97: 1 | N97: 0 | O97: 0 | P97: 0 | Q97: 1 | R97: 0 | S97: 0 | T97: 1 | U97: 0 | V97: 0 | W97: 0 | X97: 0 | Y97: 0 | Z97: 0 | AA97: 0 | AB97: 0 | AC97: 0 | AD97: 0 | AE97: 0 | AF97: 0 | AG97: 0 | AH97: 1 | AI97: 2 | AJ97: 0 | AK97: 0 | AL97: 6 | AM97: 9 | AN97: 1.5
A98: 吉田亜依 | B98: 本社総務 | D98: 72 | E98: 113.5 | F98: 74 | G98: 125.5 | H98: 0 | I98: 0 | J98: 0 | K98: 0 | L98: 0 | M98: 0 | N98: 0 | O98: 0 | P98: 0 | Q98: 11 | R98: 12 | S98: 7 | T98: 6 | U98: 11 | V98: 0 | W98: 0 | X98: 10 | Y98: 11 | Z98: 9 | AA98: 10 | AB98: 12 | AC98: 0 | AD98: 0 | AE98: 0 | AF98: 12 | AG98: 8 | AH98: 15 | AI98: 12 | AJ98: 0 | AK98: 0 | AL98: 14 | AM98: 146 | AN98: 10.4
A99: 吉田亮 | B99: MF大阪 | D99: 5 | E99: 41.4 | F99: 186 | G99: 127.3 | H99: 0 | I99: 0 | J99: 0 | K99: 12 | L99: 3 | M99: 0 | N99: 7 | O99: 0 | P99: 0 | Q99: 10 | R99: 27 | S99: 0 | T99: 8 | U99: 16 | V99: 0 | W99: 0 | X99: 30 | Y99: 4 | Z99: 7 | AA99: 0 | AB99: 31 | AC99: 0 | AD99: 0 | AE99: 0 | AF99: 3 | AG99: 19 | AH99: 4 | AI99: 10 | AJ99: 0 | AK99: 0 | AL99: 15 | AM99: 191 | AN99: 12.7
... A157: 黒田靖広 | B157: 本社在庫物流課 | D157: 72 | E157: 146.8 | F157: 27 | G157: 123.5 | H157: 0 | I157: 0 | J157: 0 | K157: 2 | L157: 15 | M157: 4 | N157: 6 | O157: 0 | P157: 0 | Q157: 9 | R157: 2 | S157: 6 | T157: 4 | U157: 5 | V157: 0 | W157: 0 | X157: 8 | Y157: 2 | Z157: 8 | AA157: 7 | AB157: 4 | AC157: 0 | AD157: 0 | AE157: 0 | AF157: 3 | AG157: 9 | AH157: 4 | AI157: 1 | AJ157: 0 | AK157: 0 | AL157: 18 | AM157: 99 | AN157: 5.5

Sheet Report_関数拠点
A1: 3. 拠点別 関数集計
A3: 拠点名 | B3: 2025年11月から外線のみ | C3: 外線のみ | D3: 人員 | E3: 1人当たり／月 | F3: 全体からの比率
A4: =IF(RawData_関数拠点!A2="","", RawData_関数拠点!A2) -> 東京 | B4: =IF(RawData_関数拠点!B2="","", RawData_関数拠点!B2) -> 5751 | C4: =IF(RawData_関数拠点!C2="","", RawData_関数拠点!C2) -> 205.4 | D4: =IF(RawData_関数拠点!D2="","", RawData_関数拠点!D2) -> 14 | E4: =IF(RawData_関数拠点!E2="","", RawData_関数拠点!E2) -> 410.8 | F4: =IF(RawData_関数拠点!F2="","", RawData_関数拠点!F2) -> 0.13972982
A5: =IF(RawData_関数拠点!A3="","", RawData_関数拠点!A3) -> 横浜 | B5: =IF(RawData_関数拠点!B3="","", RawData_関数拠点!B3) -> 6635 | C5: =IF(RawData_関数拠点!C3="","", RawData_関数拠点!C3) -> 237 | D5: =IF(RawData_関数拠点!D3="","", RawData_関数拠点!D3) -> 12 | E5: =IF(RawData_関数拠点!E3="","", RawData_関数拠点!E3) -> 552.9 | F5: =IF(RawData_関数拠点!F3="","", RawData_関数拠点!F3) -> 0.16120803
A6: =IF(RawData_関数拠点!A4="","", RawData_関数拠点!A4) -> 埼玉 | B6: =IF(RawData_関数拠点!B4="","", RawData_関数拠点!B4) -> 5597 | C6: =IF(RawData_関数拠点!C4="","", RawData_関数拠点!C4) -> 199.9 | D6: =IF(RawData_関数拠点!D4="","", RawData_関数拠点!D4) -> 11 | E6: =IF(RawData_関数拠点!E4="","", RawData_関数拠点!E4) -> 508.8 | F6: =IF(RawData_関数拠点!F4="","", RawData_関数拠点!F4) -> 0.13598814
A7: =IF(RawData_関数拠点!A5="","", RawData_関数拠点!A5) -> 滋賀 | B7: =IF(RawData_関数拠点!B5="","", RawData_関数拠点!B5) -> 1773 | C7: =IF(RawData_関数拠点!C5="","", RawData_関数拠点!C5) -> 63.3 | D7: =IF(RawData_関数拠点!D5="","", RawData_関数拠点!D5) -> 4 | E7: =IF(RawData_関数拠点!E5="","", RawData_関数拠点!E5) -> 443.3 | F7: =IF(RawData_関数拠点!F5="","", RawData_関数拠点!F5) -> 0.043077895
A8: =IF(RawData_関数拠点!A6="","", RawData_関数拠点!A6) -> 大阪 | B8: =IF(RawData_関数拠点!B6="","", RawData_関数拠点!B6) -> 212 | C8: =IF(RawData_関数拠点!C6="","", RawData_関数拠点!C6) -> 7.6 | D8: =IF(RawData_関数拠点!D6="","", RawData_関数拠点!D6) -> 6 | E8: =IF(RawData_関数拠点!E6="","", RawData_関数拠点!E6) -> 35.3 | F8: =IF(RawData_関数拠点!F6="","", RawData_関数拠点!F6) -> 0.005150882
A9: =IF(RawData_関数拠点!A7="","", RawData_関数拠点!A7) -> 千葉 | B9: =IF(RawData_関数拠点!B7="","", RawData_関数拠点!B7) -> 1551 | C9: =IF(RawData_関数拠点!C7="","", RawData_関数拠点!C7) -> 55.4 | D9: =IF(RawData_関数拠点!D7="","", RawData_関数拠点!D7) -> 6 | E9: =IF(RawData_関数拠点!E7="","", RawData_関数拠点!E7) -> 258.5 | F9: =IF(RawData_関数拠点!F7="","", RawData_関数拠点!F7) -> 0.037684047
A10: =IF(RawData_関数拠点!A8="","", RawData_関数拠点!A8) -> 福岡 | B10: =IF(RawData_関数拠点!B8="","", RawData_関数拠点!B8) -> 4006 | C10: =IF(RawData_関数拠点!C8="","", RawData_関数拠点!C8) -> 143.1 | D10: =IF(RawData_関数拠点!D8="","", RawData_関数拠点!D8) -> 7 | E10: =IF(RawData_関数拠点!E8="","", RawData_関数拠点!E8) -> 572.3 | F10: =IF(RawData_関数拠点!F8="","", RawData_関数拠点!F8) -> 0.097332232
A11: =IF(RawData_関数拠点!A9="","", RawData_関数拠点!A9) -> 岡山 | B11: =IF(RawData_関数拠点!B9="","", RawData_関数拠点!B9) -> 4460 | C11: =IF(RawData_関数拠点!C9="","", RawData_関数拠点!C9) -> 159.3 | D11: =IF(RawData_関数拠点!D9="","", RawData_関数拠点!D9) -> 8 | E11: =IF(RawData_関数拠点!E9="","", RawData_関数拠点!E9) -> 557.5 | F11: =IF(RawData_関数拠点!F9="","", RawData_関数拠点!F9) -> 0.10836289
A12: =IF(RawData_関数拠点!A10="","", RawData_関数拠点!A10) -> 名古屋 | B12: =IF(RawData_関数拠点!B10="","", RawData_関数拠点!B10) -> 1940 | C12: =IF(RawData_関数拠点!C10="","", RawData_関数拠点!C10) -> 69.3 | D12: =IF(RawData_関数拠点!D10="","", RawData_関数拠点!D10) -> 6 | E12: =IF(RawData_関数拠点!E10="","", RawData_関数拠点!E10) -> 323.3 | F12: =IF(RawData_関数拠点!F10="","", RawData_関数拠点!F10) -> 0.047135429
A13: =IF(RawData_関数拠点!A11="","", RawData_関数拠点!A11) -> 仙台 | B13: =IF(RawData_関数拠点!B11="","", RawData_関数拠点!B11) -> 4619 | C13: =IF(RawData_関数拠点!C11="","", RawData_関数拠点!C11) -> 165 | D13: =IF(RawData_関数拠点!D11="","", RawData_関数拠点!D11) -> 8 | E13: =IF(RawData_関数拠点!E11="","", RawData_関数拠点!E11) -> 577.4 | F13: =IF(RawData_関数拠点!F11="","", RawData_関数拠点!F11) -> 0.11222606
A14: =IF(RawData_関数拠点!A12="","", RawData_関数拠点!A12) -> 流山 | B14: =IF(RawData_関数拠点!B12="","", RawData_関数拠点!B12) -> 695 | C14: =IF(RawData_関数拠点!C12="","", RawData_関数拠点!C12) -> 24.8 | D14: =IF(RawData_関数拠点!D12="","", RawData_関数拠点!D12) -> 4 | E14: =IF(RawData_関数拠点!E12="","", RawData_関数拠点!E12) -> 173.8 | F14: =IF(RawData_関数拠点!F12="","", RawData_関数拠点!F12) -> 0.016886146
A15: =IF(RawData_関数拠点!A13="","", RawData_関数拠点!A13) -> 本社 | B15: =IF(RawData_関数拠点!B13="","", RawData_関数拠点!B13) -> 0 | C15: =IF(RawData_関数拠点!C13="","", RawData_関数拠点!C13) -> 0 | D15: =IF(RawData_関数拠点!D13="","", RawData_関数拠点!D13) -> 0 | E15: =IF(RawData_関数拠点!E13="","", RawData_関数拠点!E13) -> 0 | F15: =IF(RawData_関数拠点!F13="","", RawData_関数拠点!F13) -> 0
... A53: =IF(RawData_関数拠点!A51="","", RawData_関数拠点!A51) | B53: =IF(RawData_関数拠点!B51="","", RawData_関数拠点!B51) | C53: =IF(RawData_関数拠点!C51="","", RawData_関数拠点!C51) | D53: =IF(RawData_関数拠点!D51="","", RawData_関数拠点!D51) | E53: =IF(RawData_関数拠点!E51="","", RawData_関数拠点!E51) | F53: =IF(RawData_関数拠点!F51="","", RawData_関数拠点!F51)

Sheet RawData_関数拠点
A1: 拠点名 | B1: 2025年11月から外線のみ | C1: 外線のみ | D1: 人員 | E1: 1人当たり／月 | F1: 全体からの比率
A2: 東京 | B2: 5751 | C2: 205.4 | D2: 14 | E2: 410.8 | F2: 0.13972982
A3: 横浜 | B3: 6635 | C3: 237 | D3: 12 | E3: 552.9 | F3: 0.16120803
A4: 埼玉 | B4: 5597 | C4: 199.9 | D4: 11 | E4: 508.8 | F4: 0.13598814
A5: 滋賀 | B5: 1773 | C5: 63.3 | D5: 4 | E5: 443.3 | F5: 0.043077895
A6: 大阪 | B6: 212 | C6: 7.6 | D6: 6 | E6: 35.3 | F6: 0.005150882
A7: 千葉 | B7: 1551 | C7: 55.4 | D7: 6 | E7: 258.5 | F7: 0.037684047
A8: 福岡 | B8: 4006 | C8: 143.1 | D8: 7 | E8: 572.3 | F8: 0.097332232
A9: 岡山 | B9: 4460 | C9: 159.3 | D9: 8 | E9: 557.5 | F9: 0.10836289
A10: 名古屋 | B10: 1940 | C10: 69.3 | D10: 6 | E10: 323.3 | F10: 0.047135429
A11: 仙台 | B11: 4619 | C11: 165 | D11: 8 | E11: 577.4 | F11: 0.11222606
A12: 流山 | B12: 695 | C12: 24.8 | D12: 4 | E12: 173.8 | F12: 0.016886146
A13: 本社 | B13: 0 | C13: 0 | D13: 0 | E13: 0 | F13: 0
... A33: MF大阪 | B33: 1766 | C33: 63.1 | D33: 22 | E33: 80.3 | F33: 0.042907819

Sheet Report_時短
A1: 4. 時短勤務者
A3: 氏名 | B3: 部署 | C3: 勤務時間 | D3: 係数 | E3: 外線(実績) | F3: 受注(見込)
A4: =IF(RawData_時短!A2="","", RawData_時短!A2) -> 玉腰 千恵 | B4: =IF(RawData_時短!B2="","", RawData_時短!B2) -> 名古屋営業所(業務) | C4: =IF(RawData_時短!C2="","", RawData_時短!C2) -> 5.8 | D4: =IF(RawData_時短!D2="","", RawData_時短!D2) -> 1.4 | E4: =IF(RawData_時短!E2="","", RawData_時短!E2) -> 388 | F4: =IF(RawData_時短!F2="","", RawData_時短!F2) -> 539.3
A5: =IF(RawData_時短!A3="","", RawData_時短!A3) -> 石川 恵理 | B5: =IF(RawData_時短!B3="","", RawData_時短!B3) -> 埼玉支店(業務) | C5: =IF(RawData_時短!C3="","", RawData_時短!C3) -> 6.3 | D5: =IF(RawData_時短!D3="","", RawData_時短!D3) -> 1.3 | E5: =IF(RawData_時短!E3="","", RawData_時短!E3) -> 986 | F5: =IF(RawData_時短!F3="","", RawData_時短!F3) -> 1262.1
A6: =IF(RawData_時短!A4="","", RawData_時短!A4) -> 矢島 静音 | B6: =IF(RawData_時短!B4="","", RawData_時短!B4) -> 埼玉支店(業務) | C6: =IF(RawData_時短!C4="","", RawData_時短!C4) -> 6 | D6: =IF(RawData_時短!D4="","", RawData_時短!D4) -> 1.3 | E6: =IF(RawData_時短!E4="","", RawData_時短!E4) -> 627 | F6: =IF(RawData_時短!F4="","", RawData_時短!F4) -> 833.9
A7: =IF(RawData_時短!A5="","", RawData_時短!A5) -> 河原 由布子 | B7: =IF(RawData_時短!B5="","", RawData_時短!B5) -> 岡山営業所(業務) | C7: =IF(RawData_時短!C5="","", RawData_時短!C5) -> 6 | D7: =IF(RawData_時短!D5="","", RawData_時短!D5) -> 1.3 | E7: =IF(RawData_時短!E5="","", RawData_時短!E5) -> 801 | F7: =IF(RawData_時短!F5="","", RawData_時短!F5) -> 1065.3
A8: =IF(RawData_時短!A6="","", RawData_時短!A6) | B8: =IF(RawData_時短!B6="","", RawData_時短!B6) | C8: =IF(RawData_時短!C6="","", RawData_時短!C6) | D8: =IF(RawData_時短!D6="","", RawData_時短!D6) | E8: =IF(RawData_時短!E6="","", RawData_時短!E6) | F8: =IF(RawData_時短!F6="","", RawData_時短!F6)
A9: =IF(RawData_時短!A7="","", RawData_時短!A7) | B9: =IF(RawData_時短!B7="","", RawData_時短!B7) | C9: =IF(RawData_時短!C7="","", RawData_時短!C7) | D9: =IF(RawData_時短!D7="","", RawData_時短!D7) | E9: =IF(RawData_時短!E7="","", RawData_時短!E7) | F9: =IF(RawData_時短!F7="","", RawData_時短!F7)
A10: =IF(RawData_時短!A8="","", RawData_時短!A8) | B10: =IF(RawData_時短!B8="","", RawData_時短!B8) | C10: =IF(RawData_時短!C8="","", RawData_時短!C8) | D10: =IF(RawData_時短!D8="","", RawData_時短!D8) | E10: =IF(RawData_時短!E8="","", RawData_時短!E8) | F10: =IF(RawData_時短!F8="","", RawData_時短!F8)
A11: =IF(RawData_時短!A9="","", RawData_時短!A9) | B11: =IF(RawData_時短!B9="","", RawData_時短!B9) | C11: =IF(RawData_時短!C9="","", RawData_時短!C9) | D11: =IF(RawData_時短!D9="","", RawData_時短!D9) | E11: =IF(RawData_時短!E9="","", RawData_時短!E9) | F11: =IF(RawData_時短!F9="","", RawData_時短!F9)
A12: =IF(RawData_時短!A10="","", RawData_時短!A10) | B12: =IF(RawData_時短!B10="","", RawData_時短!B10) | C12: =IF(RawData_時短!C10="","", RawData_時短!C10) | D12: =IF(RawData_時短!D10="","", RawData_時短!D10) | E12: =IF(RawData_時短!E10="","", RawData_時短!E10) | F12: =IF(RawData_時短!F10="","", RawData_時短!F10)
A13: =IF(RawData_時短!A11="","", RawData_時短!A11) | B13: =IF(RawData_時短!B11="","", RawData_時短!B11) | C13: =IF(RawData_時短!C11="","", RawData_時短!C11) | D13: =IF(RawData_時短!D11="","", RawData_時短!D11) | E13: =IF(RawData_時短!E11="","", RawData_時短!E11) | F13: =IF(RawData_時短!F11="","", RawData_時短!F11)
A14: =IF(RawData_時短!A12="","", RawData_時短!A12) | B14: =IF(RawData_時短!B12="","", RawData_時短!B12) | C14: =IF(RawData_時短!C12="","", RawData_時短!C12) | D14: =IF(RawData_時短!D12="","", RawData_時短!D12) | E14: =IF(RawData_時短!E12="","", RawData_時短!E12) | F14: =IF(RawData_時短!F12="","", RawData_時短!F12)
A15: =IF(RawData_時短!A13="","", RawData_時短!A13) | B15: =IF(RawData_時短!B13="","", RawData_時短!B13) | C15: =IF(RawData_時短!C13="","", RawData_時短!C13) | D15: =IF(RawData_時短!D13="","", RawData_時短!D13) | E15: =IF(RawData_時短!E13="","", RawData_時短!E13) | F15: =IF(RawData_時短!F13="","", RawData_時短!F13)
... A53: =IF(RawData_時短!A51="","", RawData_時短!A51) | B53: =IF(RawData_時短!B51="","", RawData_時短!B51) | C53: =IF(RawData_時短!C51="","", RawData_時短!C51) | D53: =IF(RawData_時短!D51="","", RawData_時短!D51) | E53: =IF(RawData_時短!E51="","", RawData_時短!E51) | F53: =IF(RawData_時短!F51="","", RawData_時短!F51)

Sheet RawData_時短
A1: 氏名 | B1: 部署 | C1: 勤務時間 | D1: 係数 | E1: 外線(実績) | F1: 受注(見込)
A2: 玉腰 千恵 | B2: 名古屋営業所(業務) | C2: 5.8 | D2: 1.4 | E2: 388 | F2: 539.3
A3: 石川 恵理 | B3: 埼玉支店(業務) | C3: 6.3 | D3: 1.3 | E3: 986 | F3: 1262.1
A4: 矢島 静音 | B4: 埼玉支店(業務) | C4: 6 | D4: 1.3 | E4: 627 | F4: 833.9
A5: 河原 由布子 | B5: 岡山営業所(業務) | C5: 6 | D5: 1.3 | E5: 801 | F5: 1065.3

Sheet Report_営業集計
A1: 5. 営業時間内(Final) 集計
A3: 拠点名 | B3: 営業時間内_外線のみ | C3: 人員 | D3: 1人当たり／月 | E3: 全体からの比率
A4: =IF(RawData_営業集計!A2="","", RawData_営業集計!A2) -> 東京 | B4: =IF(RawData_営業集計!B2="","", RawData_営業集計!B2) -> 5468 | C4: =IF(RawData_営業集計!C2="","", RawData_営業集計!C2) -> 14 | D4: =IF(RawData_営業集計!D2="","", RawData_営業集計!D2) -> 390.6 | E4: =IF(RawData_営業集計!E2="","", RawData_営業集計!E2) -> 0.13577672
A5: =IF(RawData_営業集計!A3="","", RawData_営業集計!A3) -> 横浜 | B5: =IF(RawData_営業集計!B3="","", RawData_営業集計!B3) -> 6594 | C5: =IF(RawData_営業集計!C3="","", RawData_営業集計!C3) -> 12 | D5: =IF(RawData_営業集計!D3="","", RawData_営業集計!D3) -> 549.5 | E5: =IF(RawData_営業集計!E3="","", RawData_営業集計!E3) -> 0.16373659
A6: =IF(RawData_営業集計!A4="","", RawData_営業集計!A4) -> 埼玉 | B6: =IF(RawData_営業集計!B4="","", RawData_営業集計!B4) -> 5504 | C6: =IF(RawData_営業集計!C4="","", RawData_営業集計!C4) -> 11 | D6: =IF(RawData_営業集計!D4="","", RawData_営業集計!D4) -> 500.4 | E6: =IF(RawData_営業集計!E4="","", RawData_営業集計!E4) -> 0.13667064
A7: =IF(RawData_営業集計!A5="","", RawData_営業集計!A5) -> 滋賀 | B7: =IF(RawData_営業集計!B5="","", RawData_営業集計!B5) -> 1768 | C7: =IF(RawData_営業集計!C5="","", RawData_営業集計!C5) -> 4 | D7: =IF(RawData_営業集計!D5="","", RawData_営業集計!D5) -> 442 | E7: =IF(RawData_営業集計!E5="","", RawData_営業集計!E5) -> 0.04390147
A8: =IF(RawData_営業集計!A6="","", RawData_営業集計!A6) -> 大阪 | B8: =IF(RawData_営業集計!B6="","", RawData_営業集計!B6) -> 174 | C8: =IF(RawData_営業集計!C6="","", RawData_営業集計!C6) -> 6 | D8: =IF(RawData_営業集計!D6="","", RawData_営業集計!D6) -> 29 | E8: =IF(RawData_営業集計!E6="","", RawData_営業集計!E6) -> 0.0043206198
A9: =IF(RawData_営業集計!A7="","", RawData_営業集計!A7) -> 千葉 | B9: =IF(RawData_営業集計!B7="","", RawData_営業集計!B7) -> 1550 | C9: =IF(RawData_営業集計!C7="","", RawData_営業集計!C7) -> 6 | D9: =IF(RawData_営業集計!D7="","", RawData_営業集計!D7) -> 258.3 | E9: =IF(RawData_営業集計!E7="","", RawData_営業集計!E7) -> 0.03848828
A10: =IF(RawData_営業集計!A8="","", RawData_営業集計!A8) -> 福岡 | B10: =IF(RawData_営業集計!B8="","", RawData_営業集計!B8) -> 3933 | C10: =IF(RawData_営業集計!C8="","", RawData_営業集計!C8) -> 7 | D10: =IF(RawData_営業集計!D8="","", RawData_営業集計!D8) -> 561.9 | E10: =IF(RawData_営業集計!E8="","", RawData_営業集計!E8) -> 0.097660906
A11: =IF(RawData_営業集計!A9="","", RawData_営業集計!A9) -> 岡山 | B11: =IF(RawData_営業集計!B9="","", RawData_営業集計!B9) -> 4414 | C11: =IF(RawData_営業集計!C9="","", RawData_営業集計!C9) -> 8 | D11: =IF(RawData_営業集計!D9="","", RawData_営業集計!D9) -> 551.8 | E11: =IF(RawData_営業集計!E9="","", RawData_営業集計!E9) -> 0.10960469
A12: =IF(RawData_営業集計!A10="","", RawData_営業集計!A10) -> 名古屋 | B12: =IF(RawData_営業集計!B10="","", RawData_営業集計!B10) -> 1932 | C12: =IF(RawData_営業集計!C10="","", RawData_営業集計!C10) -> 6 | D12: =IF(RawData_営業集計!D10="","", RawData_営業集計!D10) -> 322 | E12: =IF(RawData_営業集計!E10="","", RawData_営業集計!E10) -> 0.047973778
A13: =IF(RawData_営業集計!A11="","", RawData_営業集計!A11) -> 仙台 | B13: =IF(RawData_営業集計!B11="","", RawData_営業集計!B11) -> 4409 | C13: =IF(RawData_営業集計!C11="","", RawData_営業集計!C11) -> 8 | D13: =IF(RawData_営業集計!D11="","", RawData_営業集計!D11) -> 551.1 | E13: =IF(RawData_営業集計!E11="","", RawData_営業集計!E11) -> 0.10948053
A14: =IF(RawData_営業集計!A12="","", RawData_営業集計!A12) -> 流山 | B14: =IF(RawData_営業集計!B12="","", RawData_営業集計!B12) -> 673 | C14: =IF(RawData_営業集計!C12="","", RawData_営業集計!C12) -> 4 | D14: =IF(RawData_営業集計!D12="","", RawData_営業集計!D12) -> 168.3 | E14: =IF(RawData_営業集計!E12="","", RawData_営業集計!E12) -> 0.016711363
A15: =IF(RawData_営業集計!A13="","", RawData_営業集計!A13) -> 本社 | B15: =IF(RawData_営業集計!B13="","", RawData_営業集計!B13) -> 0 | C15: =IF(RawData_営業集計!C13="","", RawData_営業集計!C13) -> 0 | D15: =IF(RawData_営業集計!D13="","", RawData_営業集計!D13) -> 0 | E15: =IF(RawData_営業集計!E13="","", RawData_営業集計!E13) -> 0
... A53: =IF(RawData_営業集計!A51="","", RawData_営業集計!A51) | B53: =IF(RawData_営業集計!B51="","", RawData_営業集計!B51) | C53: =IF(RawData_営業集計!C51="","", RawData_営業集計!C51) | D53: =IF(RawData_営業集計!D51="","", RawData_営業集計!D51) | E53: =IF(RawData_営業集計!E51="","", RawData_営業集計!E51)

Sheet RawData_営業集計
A1: 拠点名 | B1: 営業時間内_外線のみ | C1: 人員 | D1: 1人当たり／月 | E1: 全体からの比率
A2: 東京 | B2: 5468 | C2: 14 | D2: 390.6 | E2: 0.13577672
A3: 横浜 | B3: 6594 | C3: 12 | D3: 549.5 | E3: 0.16373659
A4: 埼玉 | B4: 5504 | C4: 11 | D4: 500.4 | E4: 0.13667064
A5: 滋賀 | B5: 1768 | C5: 4 | D5: 442 | E5: 0.04390147
A6: 大阪 | B6: 174 | C6: 6 | D6: 29 | E6: 0.0043206198
A7: 千葉 | B7: 1550 | C7: 6 | D7: 258.3 | E7: 0.03848828
A8: 福岡 | B8: 3933 | C8: 7 | D8: 561.9 | E8: 0.097660906
A9: 岡山 | B9: 4414 | C9: 8 | D9: 551.8 | E9: 0.10960469
A10: 名古屋 | B10: 1932 | C10: 6 | D10: 322 | E10: 0.047973778
A11: 仙台 | B11: 4409 | C11: 8 | D11: 551.1 | E11: 0.10948053
A12: 流山 | B12: 673 | C12: 4 | D12: 168.3 | E12: 0.016711363
A13: 本社 | B13: 0 | C13: 0 | D13: 0 | E13: 0
... A33: MF大阪 | B33: 1760 | C33: 22 | D33: 80 | E33: 0.043702821

Sheet Report_時間内
A1: 6. 営業時間内(Target) 集計
A3: 拠点 | B3: 内線_入電 | C3: 内線_着電 | D3: 内線_応答率 | E3: 外線_入電 | F3: 外線_着電 | G3: 外線_応答率
A4: =IF(RawData_時間内!A2="","", RawData_時間内!A2) -> 東京 | B4: =IF(RawData_時間内!B2="","", RawData_時間内!B2) -> 431 | C4: =IF(RawData_時間内!C2="","", RawData_時間内!C2) -> 350 | D4: =IF(RawData_時間内!D2="","", RawData_時間内!D2) -> 0.81206497 | E4: =IF(RawData_時間内!E2="","", RawData_時間内!E2) -> 5527 | F4: =IF(RawData_時間内!F2="","", RawData_時間内!F2) -> 5415 | G4: =IF(RawData_時間内!G2="","", RawData_時間内!G2) -> 0.97973584
A5: =IF(RawData_時間内!A3="","", RawData_時間内!A3) -> 横浜 | B5: =IF(RawData_時間内!B3="","", RawData_時間内!B3) -> 484 | C5: =IF(RawData_時間内!C3="","", RawData_時間内!C3) -> 383 | D5: =IF(RawData_時間内!D3="","", RawData_時間内!D3) -> 0.79132231 | E5: =IF(RawData_時間内!E3="","", RawData_時間内!E3) -> 6455 | F5: =IF(RawData_時間内!F3="","", RawData_時間内!F3) -> 6253 | G5: =IF(RawData_時間内!G3="","", RawData_時間内!G3) -> 0.96870643
A6: =IF(RawData_時間内!A4="","", RawData_時間内!A4) -> 埼玉 | B6: =IF(RawData_時間内!B4="","", RawData_時間内!B4) -> 397 | C6: =IF(RawData_時間内!C4="","", RawData_時間内!C4) -> 286 | D6: =IF(RawData_時間内!D4="","", RawData_時間内!D4) -> 0.72040302 | E6: =IF(RawData_時間内!E4="","", RawData_時間内!E4) -> 4978 | F6: =IF(RawData_時間内!F4="","", RawData_時間内!F4) -> 4840 | G6: =IF(RawData_時間内!G4="","", RawData_時間内!G4) -> 0.97227802
A7: =IF(RawData_時間内!A5="","", RawData_時間内!A5) -> 滋賀 | B7: =IF(RawData_時間内!B5="","", RawData_時間内!B5) -> 107 | C7: =IF(RawData_時間内!C5="","", RawData_時間内!C5) -> 86 | D7: =IF(RawData_時間内!D5="","", RawData_時間内!D5) -> 0.80373832 | E7: =IF(RawData_時間内!E5="","", RawData_時間内!E5) -> 1659 | F7: =IF(RawData_時間内!F5="","", RawData_時間内!F5) -> 1619 | G7: =IF(RawData_時間内!G5="","", RawData_時間内!G5) -> 0.97588909
A8: =IF(RawData_時間内!A6="","", RawData_時間内!A6) -> 大阪 | B8: =IF(RawData_時間内!B6="","", RawData_時間内!B6) -> 310 | C8: =IF(RawData_時間内!C6="","", RawData_時間内!C6) -> 249 | D8: =IF(RawData_時間内!D6="","", RawData_時間内!D6) -> 0.80322581 | E8: =IF(RawData_時間内!E6="","", RawData_時間内!E6) -> 1241 | F8: =IF(RawData_時間内!F6="","", RawData_時間内!F6) -> 1130 | G8: =IF(RawData_時間内!G6="","", RawData_時間内!G6) -> 0.910556
A9: =IF(RawData_時間内!A7="","", RawData_時間内!A7) -> 千葉 | B9: =IF(RawData_時間内!B7="","", RawData_時間内!B7) -> 377 | C9: =IF(RawData_時間内!C7="","", RawData_時間内!C7) -> 298 | D9: =IF(RawData_時間内!D7="","", RawData_時間内!D7) -> 0.79045093 | E9: =IF(RawData_時間内!E7="","", RawData_時間内!E7) -> 1997 | F9: =IF(RawData_時間内!F7="","", RawData_時間内!F7) -> 1892 | G9: =IF(RawData_時間内!G7="","", RawData_時間内!G7) -> 0.94742113
A10: =IF(RawData_時間内!A8="","", RawData_時間内!A8) -> 福岡 | B10: =IF(RawData_時間内!B8="","", RawData_時間内!B8) -> 1311 | C10: =IF(RawData_時間内!C8="","", RawData_時間内!C8) -> 1170 | D10: =IF(RawData_時間内!D8="","", RawData_時間内!D8) -> 0.89244851 | E10: =IF(RawData_時間内!E8="","", RawData_時間内!E8) -> 4011 | F10: =IF(RawData_時間内!F8="","", RawData_時間内!F8) -> 3753 | G10: =IF(RawData_時間内!G8="","", RawData_時間内!G8) -> 0.93567689
A11: =IF(RawData_時間内!A9="","", RawData_時間内!A9) -> 岡山 | B11: =IF(RawData_時間内!B9="","", RawData_時間内!B9) -> 400 | C11: =IF(RawData_時間内!C9="","", RawData_時間内!C9) -> 263 | D11: =IF(RawData_時間内!D9="","", RawData_時間内!D9) -> 0.6575 | E11: =IF(RawData_時間内!E9="","", RawData_時間内!E9) -> 2813 | F11: =IF(RawData_時間内!F9="","", RawData_時間内!F9) -> 2652 | G11: =IF(RawData_時間内!G9="","", RawData_時間内!G9) -> 0.94276573
A12: =IF(RawData_時間内!A10="","", RawData_時間内!A10) -> 名古屋 | B12: =IF(RawData_時間内!B10="","", RawData_時間内!B10) -> 629 | C12: =IF(RawData_時間内!C10="","", RawData_時間内!C10) -> 594 | D12: =IF(RawData_時間内!D10="","", RawData_時間内!D10) -> 0.94435612 | E12: =IF(RawData_時間内!E10="","", RawData_時間内!E10) -> 1987 | F12: =IF(RawData_時間内!F10="","", RawData_時間内!F10) -> 1932 | G12: =IF(RawData_時間内!G10="","", RawData_時間内!G10) -> 0.97232008
A13: =IF(RawData_時間内!A11="","", RawData_時間内!A11) -> 仙台 | B13: =IF(RawData_時間内!B11="","", RawData_時間内!B11) -> 360 | C13: =IF(RawData_時間内!C11="","", RawData_時間内!C11) -> 214 | D13: =IF(RawData_時間内!D11="","", RawData_時間内!D11) -> 0.59444444 | E13: =IF(RawData_時間内!E11="","", RawData_時間内!E11) -> 4273 | F13: =IF(RawData_時間内!F11="","", RawData_時間内!F11) -> 4163 | G13: =IF(RawData_時間内!G11="","", RawData_時間内!G11) -> 0.97425696
A14: =IF(RawData_時間内!A12="","", RawData_時間内!A12) -> 流山 | B14: =IF(RawData_時間内!B12="","", RawData_時間内!B12) -> 468 | C14: =IF(RawData_時間内!C12="","", RawData_時間内!C12) -> 322 | D14: =IF(RawData_時間内!D12="","", RawData_時間内!D12) -> 0.68803419 | E14: =IF(RawData_時間内!E12="","", RawData_時間内!E12) -> 752 | F14: =IF(RawData_時間内!F12="","", RawData_時間内!F12) -> 726 | G14: =IF(RawData_時間内!G12="","", RawData_時間内!G12) -> 0.96542553
A15: =IF(RawData_時間内!A13="","", RawData_時間内!A13) -> 本社 | B15: =IF(RawData_時間内!B13="","", RawData_時間内!B13) -> 223 | C15: =IF(RawData_時間内!C13="","", RawData_時間内!C13) -> 207 | D15: =IF(RawData_時間内!D13="","", RawData_時間内!D13) -> 0.92825112 | E15: =IF(RawData_時間内!E13="","", RawData_時間内!E13) -> 1017 | F15: =IF(RawData_時間内!F13="","", RawData_時間内!F13) -> 961 | G15: =IF(RawData_時間内!G13="","", RawData_時間内!G13) -> 0.94493609
... A53: =IF(RawData_時間内!A51="","", RawData_時間内!A51) | B53: =IF(RawData_時間内!B51="","", RawData_時間内!B51) | C53: =IF(RawData_時間内!C51="","", RawData_時間内!C51) | D53: =IF(RawData_時間内!D51="","", RawData_時間内!D51) | E53: =IF(RawData_時間内!E51="","", RawData_時間内!E51) | F53: =IF(RawData_時間内!F51="","", RawData_時間内!F51) | G53: =IF(RawData_時間内!G51="","", RawData_時間内!G51)

Sheet RawData_時間内
A1: 拠点 | B1: 内線_入電 | C1: 内線_着電 | D1: 内線_応答率 | E1: 外線_入電 | F1: 外線_着電 | G1: 外線_応答率
A2: 東京 | B2: 431 | C2: 350 | D2: 0.81206497 | E2: 5527 | F2: 5415 | G2: 0.97973584
A3: 横浜 | B3: 484 | C3: 383 | D3: 0.79132231 | E3: 6455 | F3: 6253 | G3: 0.96870643
A4: 埼玉 | B4: 397 | C4: 286 | D4: 0.72040302 | E4: 4978 | F4: 4840 | G4: 0.97227802
A5: 滋賀 | B5: 107 | C5: 86 | D5: 0.80373832 | E5: 1659 | F5: 1619 | G5: 0.97588909
A6: 大阪 | B6: 310 | C6: 249 | D6: 0.80322581 | E6: 1241 | F6: 1130 | G6: 0.910556
A7: 千葉 | B7: 377 | C7: 298 | D7: 0.79045093 | E7: 1997 | F7: 1892 | G7: 0.94742113
A8: 福岡 | B8: 1311 | C8: 1170 | D8: 0.89244851 | E8: 4011 | F8: 3753 | G8: 0.93567689
A9: 岡山 | B9: 400 | C9: 263 | D9: 0.6575 | E9: 2813 | F9: 2652 | G9: 0.94276573
A10: 名古屋 | B10: 629 | C10: 594 | D10: 0.94435612 | E10: 1987 | F10: 1932 | G10: 0.97232008
A11: 仙台 | B11: 360 | C11: 214 | D11: 0.59444444 | E11: 4273 | F11: 4163 | G11: 0.97425696
A12: 流山 | B12: 468 | C12: 322 | D12: 0.68803419 | E12: 752 | F12: 726 | G12: 0.96542553
A13: 本社 | B13: 223 | C13: 207 | D13: 0.92825112 | E13: 1017 | F13: 961 | G13: 0.94493609
... A34: 合計 | B34: 7448 | C34: 5812 | D34: 0.78034372 | E34: 41971 | F34: 40272 | G34: 0.95951967
